use vk;

INSERT INTO `users` (`id`, `first_name`, `last_name`, `birthday`, `gender`, `email`, `phone`, `created_at`, `updated_at`) VALUES (1, 'Tyrell', 'Erdman', '1992-02-08', 'M', 'luisa.ruecker@example.com', '973-507-728', '2003-05-01 11:12:25', '2003-07-23 03:31:38');
INSERT INTO `users` (`id`, `first_name`, `last_name`, `birthday`, `gender`, `email`, `phone`, `created_at`, `updated_at`) VALUES (2, 'Russ', 'Ullrich', '1988-01-11', 'F', 'ppurdy@example.org', '676-733-519', '2001-03-03 02:56:46', '2015-06-15 07:50:24');
INSERT INTO `users` (`id`, `first_name`, `last_name`, `birthday`, `gender`, `email`, `phone`, `created_at`, `updated_at`) VALUES (3, 'Stephan', 'Nikolaus', '2010-05-26', 'F', 'dakota.bernier@example.com', '399.105.201', '1993-07-08 15:17:23', '2000-02-03 00:23:25');
INSERT INTO `users` (`id`, `first_name`, `last_name`, `birthday`, `gender`, `email`, `phone`, `created_at`, `updated_at`) VALUES (4, 'Adriana', 'Douglas', '2016-04-18', 'M', 'amira.littel@example.com', '(075)231-13', '1971-01-02 04:05:57', '1987-09-21 05:26:07');
INSERT INTO `users` (`id`, `first_name`, `last_name`, `birthday`, `gender`, `email`, `phone`, `created_at`, `updated_at`) VALUES (5, 'Dario', 'Hettinger', '1991-08-02', 'F', 'd\'amore.halle@example.net', '1-376-666-2', '1995-02-08 23:57:37', '1984-11-30 06:18:20');
INSERT INTO `users` (`id`, `first_name`, `last_name`, `birthday`, `gender`, `email`, `phone`, `created_at`, `updated_at`) VALUES (6, 'Virgie', 'Legros', '1998-11-23', 'F', 'eulalia.dubuque@example.net', '057.836.855', '1979-08-05 14:07:05', '1983-12-22 21:45:07');
INSERT INTO `users` (`id`, `first_name`, `last_name`, `birthday`, `gender`, `email`, `phone`, `created_at`, `updated_at`) VALUES (7, 'Ruth', 'Kling', '1971-07-01', 'F', 'jules.prosacco@example.net', '240.149.407', '1985-04-12 06:28:26', '1980-03-28 15:08:52');
INSERT INTO `users` (`id`, `first_name`, `last_name`, `birthday`, `gender`, `email`, `phone`, `created_at`, `updated_at`) VALUES (8, 'Brittany', 'Ruecker', '2011-07-27', 'F', 'alva.abernathy@example.com', '1-516-172-8', '2019-06-06 12:08:06', '2020-06-13 14:50:32');
INSERT INTO `users` (`id`, `first_name`, `last_name`, `birthday`, `gender`, `email`, `phone`, `created_at`, `updated_at`) VALUES (9, 'Sydni', 'Hudson', '2000-04-28', 'F', 'rey.heller@example.net', '399-945-788', '1978-01-05 03:48:33', '1972-09-21 12:52:34');
INSERT INTO `users` (`id`, `first_name`, `last_name`, `birthday`, `gender`, `email`, `phone`, `created_at`, `updated_at`) VALUES (10, 'Justyn', 'Blick', '2021-07-27', 'F', 'rowena96@example.org', '1-077-619-8', '1986-09-11 00:48:09', '2016-07-22 17:32:45');
INSERT INTO `users` (`id`, `first_name`, `last_name`, `birthday`, `gender`, `email`, `phone`, `created_at`, `updated_at`) VALUES (11, 'Theodora', 'Barrows', '1990-12-20', 'M', 'abshire.helga@example.com', '(955)298-87', '1972-08-11 18:06:52', '2007-01-22 14:45:51');
INSERT INTO `users` (`id`, `first_name`, `last_name`, `birthday`, `gender`, `email`, `phone`, `created_at`, `updated_at`) VALUES (12, 'Andreane', 'Hegmann', '2004-11-25', 'M', 'murphy.amiya@example.org', '628.837.963', '1999-04-26 02:04:40', '1981-08-09 03:34:14');
INSERT INTO `users` (`id`, `first_name`, `last_name`, `birthday`, `gender`, `email`, `phone`, `created_at`, `updated_at`) VALUES (13, 'Levi', 'Frami', '1997-06-03', 'M', 'golda.stehr@example.net', '895-489-799', '1987-04-30 04:14:11', '1997-09-20 07:00:14');
INSERT INTO `users` (`id`, `first_name`, `last_name`, `birthday`, `gender`, `email`, `phone`, `created_at`, `updated_at`) VALUES (14, 'Jodie', 'Bogisich', '1970-01-13', 'M', 'peffertz@example.org', '+57(6)14198', '2020-07-02 14:51:06', '2011-03-17 16:44:44');
INSERT INTO `users` (`id`, `first_name`, `last_name`, `birthday`, `gender`, `email`, `phone`, `created_at`, `updated_at`) VALUES (15, 'Alphonso', 'Koss', '1995-12-16', 'M', 'harber.renee@example.org', '399-938-985', '1980-03-13 01:49:07', '2000-12-06 20:43:07');
INSERT INTO `users` (`id`, `first_name`, `last_name`, `birthday`, `gender`, `email`, `phone`, `created_at`, `updated_at`) VALUES (16, 'Zula', 'Paucek', '2009-09-03', 'F', 'dee33@example.net', '681.859.586', '1985-04-03 10:04:23', '1991-06-24 05:56:40');
INSERT INTO `users` (`id`, `first_name`, `last_name`, `birthday`, `gender`, `email`, `phone`, `created_at`, `updated_at`) VALUES (17, 'Aaliyah', 'Reichert', '1990-05-09', 'F', 'lyla.fadel@example.org', '(864)033-37', '1984-06-05 17:07:39', '2012-11-26 00:10:35');
INSERT INTO `users` (`id`, `first_name`, `last_name`, `birthday`, `gender`, `email`, `phone`, `created_at`, `updated_at`) VALUES (18, 'Rosalinda', 'Torp', '1998-03-06', 'M', 'marisol.koss@example.org', '+31(7)84329', '1974-04-09 01:00:30', '1993-12-02 11:12:30');
INSERT INTO `users` (`id`, `first_name`, `last_name`, `birthday`, `gender`, `email`, `phone`, `created_at`, `updated_at`) VALUES (19, 'Aryanna', 'Jacobs', '1972-05-27', 'F', 'oceane30@example.org', '06788962764', '1991-04-11 07:46:01', '2000-01-06 02:52:36');
INSERT INTO `users` (`id`, `first_name`, `last_name`, `birthday`, `gender`, `email`, `phone`, `created_at`, `updated_at`) VALUES (20, 'Kyra', 'Gorczany', '2007-10-29', 'M', 'bsteuber@example.com', '939-346-088', '1976-09-30 02:37:27', '1994-09-09 14:10:07');
INSERT INTO `users` (`id`, `first_name`, `last_name`, `birthday`, `gender`, `email`, `phone`, `created_at`, `updated_at`) VALUES (21, 'Zackery', 'Lynch', '2001-08-25', 'M', 'gilda.pagac@example.org', '1-716-322-9', '2020-06-04 17:06:47', '2017-07-28 17:11:47');
INSERT INTO `users` (`id`, `first_name`, `last_name`, `birthday`, `gender`, `email`, `phone`, `created_at`, `updated_at`) VALUES (22, 'Aiden', 'Corkery', '1998-06-27', 'F', 'vdenesik@example.net', '1-456-171-3', '2014-06-15 17:03:44', '1975-04-30 20:21:28');
INSERT INTO `users` (`id`, `first_name`, `last_name`, `birthday`, `gender`, `email`, `phone`, `created_at`, `updated_at`) VALUES (23, 'Juana', 'Lehner', '2012-06-07', 'M', 'eweber@example.net', '02971686086', '2017-07-01 19:05:39', '2007-03-06 19:27:33');
INSERT INTO `users` (`id`, `first_name`, `last_name`, `birthday`, `gender`, `email`, `phone`, `created_at`, `updated_at`) VALUES (24, 'Mitchell', 'Hettinger', '1983-07-17', 'F', 'ferry.georgianna@example.net', '034.543.565', '1993-03-20 19:45:51', '2019-09-11 11:16:58');
INSERT INTO `users` (`id`, `first_name`, `last_name`, `birthday`, `gender`, `email`, `phone`, `created_at`, `updated_at`) VALUES (25, 'Leonard', 'Rohan', '1971-03-07', 'F', 'yesenia29@example.net', '589-315-177', '1990-11-01 12:25:19', '1985-05-12 15:16:50');
INSERT INTO `users` (`id`, `first_name`, `last_name`, `birthday`, `gender`, `email`, `phone`, `created_at`, `updated_at`) VALUES (26, 'Jessica', 'Jerde', '1983-02-18', 'F', 'dicki.camylle@example.net', '871-108-738', '1979-01-30 16:48:36', '1985-10-27 01:22:27');
INSERT INTO `users` (`id`, `first_name`, `last_name`, `birthday`, `gender`, `email`, `phone`, `created_at`, `updated_at`) VALUES (27, 'Cristina', 'Hahn', '1994-06-03', 'F', 'bernie50@example.net', '852-395-781', '2003-05-13 05:41:17', '1972-09-20 22:05:04');
INSERT INTO `users` (`id`, `first_name`, `last_name`, `birthday`, `gender`, `email`, `phone`, `created_at`, `updated_at`) VALUES (28, 'Christy', 'Rutherford', '2017-11-08', 'F', 'wisoky.zella@example.com', '1-400-412-1', '1991-05-24 05:03:18', '2003-04-13 23:53:09');
INSERT INTO `users` (`id`, `first_name`, `last_name`, `birthday`, `gender`, `email`, `phone`, `created_at`, `updated_at`) VALUES (29, 'Katharina', 'Stroman', '1982-02-02', 'F', 'price.barrett@example.com', '(521)200-03', '2016-09-22 13:29:36', '2010-12-11 04:42:21');
INSERT INTO `users` (`id`, `first_name`, `last_name`, `birthday`, `gender`, `email`, `phone`, `created_at`, `updated_at`) VALUES (30, 'Amelia', 'Streich', '2007-06-08', 'F', 'metz.andy@example.net', '+00(6)31672', '1994-03-01 23:55:22', '2015-02-23 14:47:55');
INSERT INTO `users` (`id`, `first_name`, `last_name`, `birthday`, `gender`, `email`, `phone`, `created_at`, `updated_at`) VALUES (31, 'Branson', 'Schoen', '2014-12-18', 'F', 'harvey.lisandro@example.net', '068.123.482', '2016-01-04 04:47:27', '1991-05-10 17:25:30');
INSERT INTO `users` (`id`, `first_name`, `last_name`, `birthday`, `gender`, `email`, `phone`, `created_at`, `updated_at`) VALUES (32, 'Cecil', 'Mertz', '2000-07-02', 'F', 'arno.bailey@example.net', '1-504-497-3', '1971-06-19 23:32:24', '1972-05-30 05:04:44');
INSERT INTO `users` (`id`, `first_name`, `last_name`, `birthday`, `gender`, `email`, `phone`, `created_at`, `updated_at`) VALUES (33, 'Jessie', 'Sporer', '1995-03-30', 'M', 'hans88@example.net', '1-716-818-0', '1975-12-22 10:36:54', '1996-03-03 13:25:06');
INSERT INTO `users` (`id`, `first_name`, `last_name`, `birthday`, `gender`, `email`, `phone`, `created_at`, `updated_at`) VALUES (34, 'Raheem', 'Wiza', '1981-04-07', 'F', 'jasmin.kulas@example.com', '064-570-276', '1981-02-27 04:30:01', '2012-11-02 22:48:31');
INSERT INTO `users` (`id`, `first_name`, `last_name`, `birthday`, `gender`, `email`, `phone`, `created_at`, `updated_at`) VALUES (35, 'Stacy', 'Waters', '1998-02-05', 'F', 'boyle.emmett@example.com', '1-190-578-8', '1984-12-28 08:57:07', '2007-05-22 16:00:40');
INSERT INTO `users` (`id`, `first_name`, `last_name`, `birthday`, `gender`, `email`, `phone`, `created_at`, `updated_at`) VALUES (36, 'Nels', 'Toy', '1990-06-20', 'M', 'kathryn52@example.org', '755-785-042', '1992-01-29 02:05:41', '1976-08-09 21:05:10');
INSERT INTO `users` (`id`, `first_name`, `last_name`, `birthday`, `gender`, `email`, `phone`, `created_at`, `updated_at`) VALUES (37, 'Brando', 'West', '1975-03-09', 'F', 'boehm.onie@example.org', '(104)375-37', '1991-05-31 07:12:14', '2015-02-24 02:57:47');
INSERT INTO `users` (`id`, `first_name`, `last_name`, `birthday`, `gender`, `email`, `phone`, `created_at`, `updated_at`) VALUES (38, 'Laurie', 'Parker', '2018-12-25', 'F', 'isac97@example.org', '013-165-525', '2010-02-03 20:07:16', '1989-06-16 00:17:10');
INSERT INTO `users` (`id`, `first_name`, `last_name`, `birthday`, `gender`, `email`, `phone`, `created_at`, `updated_at`) VALUES (39, 'Lavonne', 'Yundt', '2016-05-01', 'F', 'kamren.kunze@example.com', '044.329.528', '2007-02-13 00:41:24', '2008-10-06 08:46:00');
INSERT INTO `users` (`id`, `first_name`, `last_name`, `birthday`, `gender`, `email`, `phone`, `created_at`, `updated_at`) VALUES (40, 'Wanda', 'Becker', '1979-10-05', 'F', 'modesta.dubuque@example.org', '1-861-940-2', '1970-02-27 07:09:56', '2002-08-15 16:48:44');
INSERT INTO `users` (`id`, `first_name`, `last_name`, `birthday`, `gender`, `email`, `phone`, `created_at`, `updated_at`) VALUES (41, 'Freddie', 'Gottlieb', '1987-08-15', 'F', 'wilson.douglas@example.net', '015-630-911', '1973-11-04 16:39:41', '2004-11-05 03:14:24');
INSERT INTO `users` (`id`, `first_name`, `last_name`, `birthday`, `gender`, `email`, `phone`, `created_at`, `updated_at`) VALUES (42, 'Hertha', 'Walker', '1977-02-27', 'F', 'aliza.dickinson@example.net', '(921)528-98', '1991-02-28 01:03:20', '1992-06-07 22:20:56');
INSERT INTO `users` (`id`, `first_name`, `last_name`, `birthday`, `gender`, `email`, `phone`, `created_at`, `updated_at`) VALUES (43, 'Tate', 'Mayert', '2005-07-21', 'F', 'era.spinka@example.net', '486.473.689', '1999-12-03 03:11:27', '1983-06-27 05:14:42');
INSERT INTO `users` (`id`, `first_name`, `last_name`, `birthday`, `gender`, `email`, `phone`, `created_at`, `updated_at`) VALUES (44, 'Maiya', 'Dare', '1990-09-19', 'M', 'elaina69@example.org', '(352)082-33', '1983-05-20 22:17:54', '1975-09-11 11:32:10');
INSERT INTO `users` (`id`, `first_name`, `last_name`, `birthday`, `gender`, `email`, `phone`, `created_at`, `updated_at`) VALUES (45, 'Kaitlyn', 'Johns', '1972-08-19', 'M', 'nayeli20@example.net', '04460578141', '1995-09-27 19:24:28', '1997-03-24 18:27:40');
INSERT INTO `users` (`id`, `first_name`, `last_name`, `birthday`, `gender`, `email`, `phone`, `created_at`, `updated_at`) VALUES (46, 'Lilian', 'Kohler', '1989-08-25', 'F', 'gaston71@example.org', '1-754-509-3', '2017-12-10 23:52:40', '2006-10-13 07:01:13');
INSERT INTO `users` (`id`, `first_name`, `last_name`, `birthday`, `gender`, `email`, `phone`, `created_at`, `updated_at`) VALUES (47, 'Kayli', 'Wisozk', '1980-02-13', 'F', 'gbode@example.com', '333-636-398', '2004-01-19 18:35:45', '2011-09-07 21:12:47');
INSERT INTO `users` (`id`, `first_name`, `last_name`, `birthday`, `gender`, `email`, `phone`, `created_at`, `updated_at`) VALUES (48, 'Pauline', 'Lockman', '2007-11-28', 'M', 'kamille.gusikowski@example.org', '1-817-221-9', '1998-02-26 00:58:13', '2012-12-30 04:19:34');
INSERT INTO `users` (`id`, `first_name`, `last_name`, `birthday`, `gender`, `email`, `phone`, `created_at`, `updated_at`) VALUES (49, 'Vilma', 'Luettgen', '1993-01-13', 'F', 'lschulist@example.org', '438-014-913', '1978-02-09 08:06:43', '2016-10-14 19:28:54');
INSERT INTO `users` (`id`, `first_name`, `last_name`, `birthday`, `gender`, `email`, `phone`, `created_at`, `updated_at`) VALUES (50, 'Breanna', 'Koepp', '1973-12-27', 'M', 'ariel.goldner@example.org', '132-839-867', '1986-10-09 03:41:07', '1981-01-05 12:10:48');
INSERT INTO `users` (`id`, `first_name`, `last_name`, `birthday`, `gender`, `email`, `phone`, `created_at`, `updated_at`) VALUES (51, 'Wilmer', 'Rempel', '2009-09-13', 'F', 'cornell26@example.net', '505-232-038', '2013-06-29 08:36:04', '1996-12-22 02:08:44');
INSERT INTO `users` (`id`, `first_name`, `last_name`, `birthday`, `gender`, `email`, `phone`, `created_at`, `updated_at`) VALUES (52, 'Reva', 'Stiedemann', '1994-02-11', 'M', 'block.carson@example.org', '1-677-041-8', '2013-05-23 06:49:05', '2012-10-09 04:55:21');
INSERT INTO `users` (`id`, `first_name`, `last_name`, `birthday`, `gender`, `email`, `phone`, `created_at`, `updated_at`) VALUES (53, 'Vance', 'Lind', '2013-05-16', 'F', 'teagan.buckridge@example.org', '962-551-390', '2007-05-08 13:12:37', '2011-09-02 00:17:58');
INSERT INTO `users` (`id`, `first_name`, `last_name`, `birthday`, `gender`, `email`, `phone`, `created_at`, `updated_at`) VALUES (54, 'Zack', 'O\'Hara', '1987-09-23', 'M', 'bednar.lavada@example.com', '455.855.306', '2001-11-03 15:44:25', '2009-05-20 19:58:41');
INSERT INTO `users` (`id`, `first_name`, `last_name`, `birthday`, `gender`, `email`, `phone`, `created_at`, `updated_at`) VALUES (55, 'Thea', 'Rogahn', '1998-05-10', 'F', 'faye63@example.net', '950-625-111', '1998-01-02 07:48:56', '2012-07-18 11:35:22');
INSERT INTO `users` (`id`, `first_name`, `last_name`, `birthday`, `gender`, `email`, `phone`, `created_at`, `updated_at`) VALUES (56, 'Jayce', 'Towne', '2006-01-02', 'F', 'bria79@example.net', '488-945-928', '1998-02-19 06:58:05', '1996-12-15 09:10:23');
INSERT INTO `users` (`id`, `first_name`, `last_name`, `birthday`, `gender`, `email`, `phone`, `created_at`, `updated_at`) VALUES (57, 'Constance', 'Blanda', '2007-10-08', 'M', 'wiza.gene@example.org', '276.461.952', '1993-02-16 15:39:02', '1986-12-19 01:53:29');
INSERT INTO `users` (`id`, `first_name`, `last_name`, `birthday`, `gender`, `email`, `phone`, `created_at`, `updated_at`) VALUES (58, 'Brielle', 'Gibson', '1970-08-10', 'F', 'dillan29@example.org', '1-473-315-0', '2019-06-11 16:54:41', '1982-11-06 09:20:41');
INSERT INTO `users` (`id`, `first_name`, `last_name`, `birthday`, `gender`, `email`, `phone`, `created_at`, `updated_at`) VALUES (59, 'Lincoln', 'Hilll', '2006-04-07', 'F', 'ecassin@example.org', '978.758.306', '2019-05-27 01:04:15', '2000-09-21 23:18:52');
INSERT INTO `users` (`id`, `first_name`, `last_name`, `birthday`, `gender`, `email`, `phone`, `created_at`, `updated_at`) VALUES (60, 'Hazel', 'Mills', '2014-10-18', 'F', 'haag.izaiah@example.org', '059-285-925', '1997-07-26 15:43:57', '1980-09-29 22:38:43');
INSERT INTO `users` (`id`, `first_name`, `last_name`, `birthday`, `gender`, `email`, `phone`, `created_at`, `updated_at`) VALUES (61, 'Dorothea', 'Koepp', '2007-07-28', 'M', 'progahn@example.com', '483.505.044', '1984-11-25 08:09:27', '1975-06-18 06:29:48');
INSERT INTO `users` (`id`, `first_name`, `last_name`, `birthday`, `gender`, `email`, `phone`, `created_at`, `updated_at`) VALUES (62, 'Jessy', 'Howe', '2006-10-16', 'F', 'caleb.bergstrom@example.org', '414.838.435', '1973-03-17 13:43:01', '1992-01-13 03:07:18');
INSERT INTO `users` (`id`, `first_name`, `last_name`, `birthday`, `gender`, `email`, `phone`, `created_at`, `updated_at`) VALUES (63, 'Cindy', 'Bergstrom', '1986-04-30', 'F', 'hector.moen@example.net', '(732)194-13', '2008-06-12 22:47:51', '2008-09-11 18:16:15');
INSERT INTO `users` (`id`, `first_name`, `last_name`, `birthday`, `gender`, `email`, `phone`, `created_at`, `updated_at`) VALUES (64, 'Henriette', 'Grimes', '1991-07-18', 'M', 'winston.daniel@example.net', '06187481529', '1982-09-02 06:03:36', '1984-06-12 18:31:15');
INSERT INTO `users` (`id`, `first_name`, `last_name`, `birthday`, `gender`, `email`, `phone`, `created_at`, `updated_at`) VALUES (65, 'Jacklyn', 'Pfeffer', '1981-11-06', 'M', 'adam08@example.net', '1-484-803-7', '1992-08-22 12:20:31', '2015-10-09 02:16:42');
INSERT INTO `users` (`id`, `first_name`, `last_name`, `birthday`, `gender`, `email`, `phone`, `created_at`, `updated_at`) VALUES (66, 'Sydnee', 'Schoen', '2009-06-23', 'M', 'lferry@example.org', '453.800.349', '2015-02-07 10:56:13', '2002-04-05 17:05:13');
INSERT INTO `users` (`id`, `first_name`, `last_name`, `birthday`, `gender`, `email`, `phone`, `created_at`, `updated_at`) VALUES (67, 'Waldo', 'Boyle', '2001-05-02', 'F', 'lkerluke@example.net', '924.785.657', '2006-01-08 22:45:08', '2016-06-09 05:38:25');
INSERT INTO `users` (`id`, `first_name`, `last_name`, `birthday`, `gender`, `email`, `phone`, `created_at`, `updated_at`) VALUES (68, 'Amalia', 'Purdy', '1988-06-14', 'F', 'prohan@example.net', '1-134-932-0', '1991-08-27 15:42:31', '1970-07-25 14:37:47');
INSERT INTO `users` (`id`, `first_name`, `last_name`, `birthday`, `gender`, `email`, `phone`, `created_at`, `updated_at`) VALUES (69, 'Lelah', 'Bauch', '1985-10-29', 'F', 'schultz.jeremie@example.net', '636-743-897', '1997-04-27 16:28:09', '1990-12-07 16:51:03');
INSERT INTO `users` (`id`, `first_name`, `last_name`, `birthday`, `gender`, `email`, `phone`, `created_at`, `updated_at`) VALUES (70, 'Zander', 'Mueller', '2004-04-01', 'M', 'nelda.orn@example.org', '1-024-448-1', '2014-04-13 05:14:51', '2021-07-12 07:47:34');
INSERT INTO `users` (`id`, `first_name`, `last_name`, `birthday`, `gender`, `email`, `phone`, `created_at`, `updated_at`) VALUES (71, 'Raquel', 'Runolfsson', '1982-03-29', 'F', 'marks.kim@example.net', '319.316.332', '1981-11-14 16:12:00', '2012-07-01 23:08:49');
INSERT INTO `users` (`id`, `first_name`, `last_name`, `birthday`, `gender`, `email`, `phone`, `created_at`, `updated_at`) VALUES (72, 'Cortney', 'Osinski', '1989-01-07', 'F', 'ara56@example.org', '+03(3)78051', '2009-08-22 01:05:57', '2007-10-31 00:34:53');
INSERT INTO `users` (`id`, `first_name`, `last_name`, `birthday`, `gender`, `email`, `phone`, `created_at`, `updated_at`) VALUES (73, 'Arnold', 'Powlowski', '1994-11-20', 'F', 'leon.balistreri@example.com', '+25(3)16083', '1974-01-26 18:05:40', '1992-08-04 00:00:17');
INSERT INTO `users` (`id`, `first_name`, `last_name`, `birthday`, `gender`, `email`, `phone`, `created_at`, `updated_at`) VALUES (74, 'Alec', 'Nolan', '1977-05-02', 'F', 'glenna47@example.net', '(998)895-97', '1978-05-09 03:06:17', '1989-09-20 08:46:12');
INSERT INTO `users` (`id`, `first_name`, `last_name`, `birthday`, `gender`, `email`, `phone`, `created_at`, `updated_at`) VALUES (75, 'Lue', 'Corwin', '1983-08-13', 'F', 'aniya.halvorson@example.org', '+01(0)98853', '2007-04-09 11:05:18', '1990-11-11 22:02:52');
INSERT INTO `users` (`id`, `first_name`, `last_name`, `birthday`, `gender`, `email`, `phone`, `created_at`, `updated_at`) VALUES (76, 'Lexi', 'Durgan', '2015-01-11', 'M', 'garett.white@example.com', '720.464.847', '2002-11-29 01:19:57', '1974-12-22 18:52:07');
INSERT INTO `users` (`id`, `first_name`, `last_name`, `birthday`, `gender`, `email`, `phone`, `created_at`, `updated_at`) VALUES (77, 'Leda', 'Bahringer', '1986-10-22', 'M', 'azboncak@example.net', '(823)758-44', '2010-07-02 11:08:02', '1987-09-17 17:08:13');
INSERT INTO `users` (`id`, `first_name`, `last_name`, `birthday`, `gender`, `email`, `phone`, `created_at`, `updated_at`) VALUES (78, 'Darrell', 'Kessler', '2010-04-26', 'M', 'ari15@example.net', '169.810.898', '1995-05-25 08:07:44', '2021-03-01 12:28:28');
INSERT INTO `users` (`id`, `first_name`, `last_name`, `birthday`, `gender`, `email`, `phone`, `created_at`, `updated_at`) VALUES (79, 'Mariana', 'Shanahan', '2020-10-12', 'F', 'natalie.runolfsdottir@example.com', '525-124-838', '2009-11-27 06:37:21', '2018-04-02 07:57:56');
INSERT INTO `users` (`id`, `first_name`, `last_name`, `birthday`, `gender`, `email`, `phone`, `created_at`, `updated_at`) VALUES (80, 'Joy', 'Ullrich', '2012-11-07', 'F', 'jquitzon@example.org', '00761564102', '2020-07-06 08:32:57', '2020-02-16 12:48:18');
INSERT INTO `users` (`id`, `first_name`, `last_name`, `birthday`, `gender`, `email`, `phone`, `created_at`, `updated_at`) VALUES (81, 'Cedrick', 'Corwin', '2018-09-13', 'M', 'bednar.lacy@example.com', '289.235.182', '2005-05-24 16:29:16', '2018-04-20 05:05:01');
INSERT INTO `users` (`id`, `first_name`, `last_name`, `birthday`, `gender`, `email`, `phone`, `created_at`, `updated_at`) VALUES (82, 'Jean', 'Shields', '2017-01-22', 'M', 'hoppe.etha@example.com', '04283962376', '2018-06-26 17:45:08', '1994-07-24 15:06:10');
INSERT INTO `users` (`id`, `first_name`, `last_name`, `birthday`, `gender`, `email`, `phone`, `created_at`, `updated_at`) VALUES (83, 'Price', 'Willms', '2008-09-14', 'F', 'triston61@example.org', '+73(1)09467', '2001-08-20 09:35:37', '1977-12-24 06:57:31');
INSERT INTO `users` (`id`, `first_name`, `last_name`, `birthday`, `gender`, `email`, `phone`, `created_at`, `updated_at`) VALUES (84, 'Rhiannon', 'Von', '2001-10-29', 'M', 'howe.javonte@example.net', '(094)371-95', '1984-05-10 15:25:16', '1992-10-26 02:45:27');
INSERT INTO `users` (`id`, `first_name`, `last_name`, `birthday`, `gender`, `email`, `phone`, `created_at`, `updated_at`) VALUES (85, 'Florencio', 'Bechtelar', '1995-09-30', 'M', 'melba36@example.org', '1-651-960-3', '1985-09-15 17:13:16', '1980-01-25 23:53:33');
INSERT INTO `users` (`id`, `first_name`, `last_name`, `birthday`, `gender`, `email`, `phone`, `created_at`, `updated_at`) VALUES (86, 'Kenneth', 'Conroy', '2012-05-25', 'F', 'terry.taryn@example.net', '+61(1)34842', '1981-12-28 12:48:43', '1973-07-25 13:55:41');
INSERT INTO `users` (`id`, `first_name`, `last_name`, `birthday`, `gender`, `email`, `phone`, `created_at`, `updated_at`) VALUES (87, 'Melissa', 'Krajcik', '1996-06-05', 'F', 'smorissette@example.com', '(295)073-61', '2000-08-01 09:17:17', '2004-09-14 00:26:35');
INSERT INTO `users` (`id`, `first_name`, `last_name`, `birthday`, `gender`, `email`, `phone`, `created_at`, `updated_at`) VALUES (88, 'Jarrod', 'Littel', '1971-09-26', 'M', 'considine.eusebio@example.com', '(484)159-66', '1983-07-09 13:52:11', '2015-12-25 20:39:55');
INSERT INTO `users` (`id`, `first_name`, `last_name`, `birthday`, `gender`, `email`, `phone`, `created_at`, `updated_at`) VALUES (89, 'Xzavier', 'Bednar', '1978-11-11', 'F', 'max33@example.org', '(645)475-92', '1994-01-03 16:51:49', '1975-02-22 20:59:53');
INSERT INTO `users` (`id`, `first_name`, `last_name`, `birthday`, `gender`, `email`, `phone`, `created_at`, `updated_at`) VALUES (90, 'Timmothy', 'Schultz', '2017-01-10', 'M', 'eichmann.aglae@example.com', '1-422-546-4', '1989-01-13 13:34:51', '2021-02-12 21:21:01');
INSERT INTO `users` (`id`, `first_name`, `last_name`, `birthday`, `gender`, `email`, `phone`, `created_at`, `updated_at`) VALUES (91, 'Brooks', 'Ledner', '1977-06-06', 'M', 'ntorp@example.net', '957.715.401', '2008-11-13 11:41:09', '1999-05-24 15:24:02');
INSERT INTO `users` (`id`, `first_name`, `last_name`, `birthday`, `gender`, `email`, `phone`, `created_at`, `updated_at`) VALUES (92, 'Rafael', 'O\'Kon', '2000-09-06', 'M', 'ben51@example.org', '1-048-243-7', '1997-08-11 18:15:42', '1995-09-08 07:54:33');
INSERT INTO `users` (`id`, `first_name`, `last_name`, `birthday`, `gender`, `email`, `phone`, `created_at`, `updated_at`) VALUES (93, 'Cary', 'Fadel', '2017-08-31', 'M', 'alvina66@example.com', '778.934.126', '2021-01-26 01:31:29', '2009-06-02 02:07:00');
INSERT INTO `users` (`id`, `first_name`, `last_name`, `birthday`, `gender`, `email`, `phone`, `created_at`, `updated_at`) VALUES (94, 'Verda', 'Boyle', '1999-11-07', 'M', 'anna60@example.com', '(960)646-05', '1980-04-24 20:38:02', '1990-12-27 05:21:42');
INSERT INTO `users` (`id`, `first_name`, `last_name`, `birthday`, `gender`, `email`, `phone`, `created_at`, `updated_at`) VALUES (95, 'Cesar', 'Tillman', '2013-09-08', 'F', 'vicenta97@example.org', '392.880.174', '2007-05-23 23:17:24', '2020-12-13 09:04:15');
INSERT INTO `users` (`id`, `first_name`, `last_name`, `birthday`, `gender`, `email`, `phone`, `created_at`, `updated_at`) VALUES (96, 'Shea', 'Daugherty', '2018-09-13', 'M', 'bergnaum.gracie@example.com', '762.910.709', '2019-04-24 18:43:58', '2006-06-16 19:08:20');
INSERT INTO `users` (`id`, `first_name`, `last_name`, `birthday`, `gender`, `email`, `phone`, `created_at`, `updated_at`) VALUES (97, 'Larry', 'Mann', '2018-01-04', 'M', 'johathan94@example.org', '+86(3)17070', '1987-01-06 12:39:08', '1979-07-01 22:20:40');
INSERT INTO `users` (`id`, `first_name`, `last_name`, `birthday`, `gender`, `email`, `phone`, `created_at`, `updated_at`) VALUES (98, 'Kaylie', 'Greenholt', '2000-11-03', 'F', 'irma12@example.org', '1-586-300-7', '1973-04-14 03:51:04', '2007-07-09 03:57:26');
INSERT INTO `users` (`id`, `first_name`, `last_name`, `birthday`, `gender`, `email`, `phone`, `created_at`, `updated_at`) VALUES (99, 'Elise', 'Cassin', '2018-06-10', 'F', 'ulind@example.org', '(846)821-68', '2011-05-31 21:07:56', '2016-07-22 17:05:21');
INSERT INTO `users` (`id`, `first_name`, `last_name`, `birthday`, `gender`, `email`, `phone`, `created_at`, `updated_at`) VALUES (100, 'Darrion', 'Gottlieb', '2001-09-21', 'M', 'ystokes@example.net', '+55(3)31181', '1993-06-20 09:01:26', '2016-01-05 11:58:47');

SELECT COUNT(*) FROM users;

INSERT INTO `profiles` (`user_id`, `city`, `country`, `status`, `created_at`, `updated_at`) VALUES (1, 'New Verner', '2', 'Offline', '2009-12-03 09:17:26', '2006-08-05 18:22:42');
INSERT INTO `profiles` (`user_id`, `city`, `country`, `status`, `created_at`, `updated_at`) VALUES (2, 'Benberg', '47487', 'Online', '1994-05-08 23:52:07', '1970-07-25 03:22:35');
INSERT INTO `profiles` (`user_id`, `city`, `country`, `status`, `created_at`, `updated_at`) VALUES (3, 'East Urban', '99', 'Inaactive', '2000-11-22 14:56:43', '1999-06-11 19:35:29');
INSERT INTO `profiles` (`user_id`, `city`, `country`, `status`, `created_at`, `updated_at`) VALUES (4, 'South Vladimir', '8117', 'Inaactive', '1995-02-26 13:34:01', '2019-10-28 19:16:17');
INSERT INTO `profiles` (`user_id`, `city`, `country`, `status`, `created_at`, `updated_at`) VALUES (5, 'West Mollie', '42164681', 'Online', '2017-04-21 22:03:43', '1994-05-21 08:24:12');
INSERT INTO `profiles` (`user_id`, `city`, `country`, `status`, `created_at`, `updated_at`) VALUES (6, 'Marlenhaven', '', 'Online', '1974-09-26 20:55:25', '1983-02-25 20:12:59');
INSERT INTO `profiles` (`user_id`, `city`, `country`, `status`, `created_at`, `updated_at`) VALUES (7, 'Port Shane', '', 'Online', '2019-09-15 23:09:37', '1984-06-16 16:09:15');
INSERT INTO `profiles` (`user_id`, `city`, `country`, `status`, `created_at`, `updated_at`) VALUES (8, 'New Carsonstad', '86', 'Offline', '1976-08-24 02:44:02', '1991-10-28 03:55:55');
INSERT INTO `profiles` (`user_id`, `city`, `country`, `status`, `created_at`, `updated_at`) VALUES (9, 'Port Peggie', '496946', 'Offline', '2012-11-10 17:36:14', '2019-08-28 12:52:01');
INSERT INTO `profiles` (`user_id`, `city`, `country`, `status`, `created_at`, `updated_at`) VALUES (10, 'Turnerfort', '417407495', 'Offline', '1993-07-23 17:34:35', '1983-02-17 07:31:19');
INSERT INTO `profiles` (`user_id`, `city`, `country`, `status`, `created_at`, `updated_at`) VALUES (11, 'Estaton', '5', 'Online', '1993-08-07 00:44:02', '1994-11-10 17:47:57');
INSERT INTO `profiles` (`user_id`, `city`, `country`, `status`, `created_at`, `updated_at`) VALUES (12, 'South Peytonport', '601', 'Online', '2020-03-23 10:09:42', '1980-03-02 07:24:25');
INSERT INTO `profiles` (`user_id`, `city`, `country`, `status`, `created_at`, `updated_at`) VALUES (13, 'East Lillian', '60', 'Online', '2015-03-11 23:20:16', '1997-06-05 13:10:03');
INSERT INTO `profiles` (`user_id`, `city`, `country`, `status`, `created_at`, `updated_at`) VALUES (14, 'Wilburnmouth', '63862071', 'Offline', '2008-12-03 08:32:50', '2021-01-28 05:30:43');
INSERT INTO `profiles` (`user_id`, `city`, `country`, `status`, `created_at`, `updated_at`) VALUES (15, 'South Dangelo', '578487', 'Online', '1997-01-29 13:02:49', '2011-10-07 16:07:17');
INSERT INTO `profiles` (`user_id`, `city`, `country`, `status`, `created_at`, `updated_at`) VALUES (16, 'Jonesport', '7240125', 'Online', '1994-01-17 16:34:02', '2016-11-05 23:59:50');
INSERT INTO `profiles` (`user_id`, `city`, `country`, `status`, `created_at`, `updated_at`) VALUES (17, 'Carlosmouth', '853', 'Online', '2006-12-05 02:55:51', '1978-03-14 22:23:47');
INSERT INTO `profiles` (`user_id`, `city`, `country`, `status`, `created_at`, `updated_at`) VALUES (18, 'Lake Melodymouth', '52325', 'Offline', '2019-04-25 23:29:36', '1981-07-09 23:15:37');
INSERT INTO `profiles` (`user_id`, `city`, `country`, `status`, `created_at`, `updated_at`) VALUES (19, 'Eliasfort', '874', 'Offline', '2004-04-21 01:07:38', '2005-10-23 10:52:09');
INSERT INTO `profiles` (`user_id`, `city`, `country`, `status`, `created_at`, `updated_at`) VALUES (20, 'New Shayneburgh', '855093159', 'Offline', '2013-07-24 16:23:10', '1995-03-20 17:27:20');
INSERT INTO `profiles` (`user_id`, `city`, `country`, `status`, `created_at`, `updated_at`) VALUES (21, 'East Dina', '7608397', 'Offline', '2009-02-26 22:47:33', '2008-04-03 19:59:28');
INSERT INTO `profiles` (`user_id`, `city`, `country`, `status`, `created_at`, `updated_at`) VALUES (22, 'East Madelineview', '', 'Inaactive', '1988-08-19 18:18:27', '1997-10-28 22:06:35');
INSERT INTO `profiles` (`user_id`, `city`, `country`, `status`, `created_at`, `updated_at`) VALUES (23, 'Nashton', '6890988', 'Offline', '1975-04-24 16:17:37', '1978-09-17 00:32:35');
INSERT INTO `profiles` (`user_id`, `city`, `country`, `status`, `created_at`, `updated_at`) VALUES (24, 'Reillyfurt', '28553264', 'Offline', '1978-08-16 02:46:03', '2007-12-05 21:36:55');
INSERT INTO `profiles` (`user_id`, `city`, `country`, `status`, `created_at`, `updated_at`) VALUES (25, 'Kurtisview', '80268434', 'Online', '1970-07-18 07:14:43', '2019-05-21 22:03:27');
INSERT INTO `profiles` (`user_id`, `city`, `country`, `status`, `created_at`, `updated_at`) VALUES (26, 'Christbury', '88', 'Online', '2007-06-04 06:57:52', '1995-07-13 23:35:15');
INSERT INTO `profiles` (`user_id`, `city`, `country`, `status`, `created_at`, `updated_at`) VALUES (27, 'Glennachester', '58233', 'Online', '2008-11-14 09:02:36', '1978-08-03 01:00:45');
INSERT INTO `profiles` (`user_id`, `city`, `country`, `status`, `created_at`, `updated_at`) VALUES (28, 'Stevieborough', '92831272', 'Offline', '1977-12-22 01:45:43', '2002-12-01 06:27:26');
INSERT INTO `profiles` (`user_id`, `city`, `country`, `status`, `created_at`, `updated_at`) VALUES (29, 'South Titoland', '289103', 'Online', '1998-05-18 23:14:19', '1987-04-28 15:56:16');
INSERT INTO `profiles` (`user_id`, `city`, `country`, `status`, `created_at`, `updated_at`) VALUES (30, 'East Nicholeport', '3', 'Offline', '1991-09-06 05:27:36', '1986-09-06 06:06:02');
INSERT INTO `profiles` (`user_id`, `city`, `country`, `status`, `created_at`, `updated_at`) VALUES (31, 'Heathcoteside', '3055', 'Inaactive', '1980-10-21 04:11:49', '2014-01-14 15:26:55');
INSERT INTO `profiles` (`user_id`, `city`, `country`, `status`, `created_at`, `updated_at`) VALUES (32, 'Dimitribury', '94', 'Offline', '1974-04-10 15:42:09', '2017-05-06 06:25:48');
INSERT INTO `profiles` (`user_id`, `city`, `country`, `status`, `created_at`, `updated_at`) VALUES (33, 'Lake Tracestad', '47167', 'Online', '2009-10-26 09:16:41', '2018-09-14 05:57:54');
INSERT INTO `profiles` (`user_id`, `city`, `country`, `status`, `created_at`, `updated_at`) VALUES (34, 'Lisettestad', '731448', 'Offline', '1998-09-03 19:34:14', '2011-08-27 20:56:26');
INSERT INTO `profiles` (`user_id`, `city`, `country`, `status`, `created_at`, `updated_at`) VALUES (35, 'Kristopherberg', '562325', 'Online', '2014-08-06 05:55:44', '2002-11-04 19:20:25');
INSERT INTO `profiles` (`user_id`, `city`, `country`, `status`, `created_at`, `updated_at`) VALUES (36, 'Eberttown', '3', 'Inaactive', '1993-01-19 07:29:41', '1989-09-19 09:28:57');
INSERT INTO `profiles` (`user_id`, `city`, `country`, `status`, `created_at`, `updated_at`) VALUES (37, 'North Minniestad', '9', 'Online', '2016-11-01 15:16:07', '1996-08-29 01:08:59');
INSERT INTO `profiles` (`user_id`, `city`, `country`, `status`, `created_at`, `updated_at`) VALUES (38, 'Samanthaview', '8354841', 'Online', '2018-05-28 17:24:08', '2002-06-15 06:59:58');
INSERT INTO `profiles` (`user_id`, `city`, `country`, `status`, `created_at`, `updated_at`) VALUES (39, 'Elverabury', '536677', 'Offline', '2007-05-23 12:37:00', '2001-11-28 14:16:14');
INSERT INTO `profiles` (`user_id`, `city`, `country`, `status`, `created_at`, `updated_at`) VALUES (40, 'New Johnborough', '1', 'Offline', '2007-10-31 21:29:30', '2007-01-04 11:53:56');
INSERT INTO `profiles` (`user_id`, `city`, `country`, `status`, `created_at`, `updated_at`) VALUES (41, 'Ebertshire', '258', 'Online', '1985-12-17 11:58:21', '2007-11-01 00:10:40');
INSERT INTO `profiles` (`user_id`, `city`, `country`, `status`, `created_at`, `updated_at`) VALUES (42, 'Jocelynport', '71', 'Offline', '1976-06-13 00:35:00', '1987-03-12 22:56:41');
INSERT INTO `profiles` (`user_id`, `city`, `country`, `status`, `created_at`, `updated_at`) VALUES (43, 'North Kristina', '75', 'Offline', '1982-12-10 14:10:32', '1992-06-16 11:02:15');
INSERT INTO `profiles` (`user_id`, `city`, `country`, `status`, `created_at`, `updated_at`) VALUES (44, 'Port Britney', '', 'Inaactive', '2011-05-09 09:20:59', '1970-11-01 22:08:44');
INSERT INTO `profiles` (`user_id`, `city`, `country`, `status`, `created_at`, `updated_at`) VALUES (45, 'Gavinfort', '92', 'Offline', '2014-12-23 10:37:39', '1991-03-11 05:19:16');
INSERT INTO `profiles` (`user_id`, `city`, `country`, `status`, `created_at`, `updated_at`) VALUES (46, 'East Ellisland', '8305834', 'Inaactive', '1971-12-14 03:02:43', '1992-03-16 11:42:35');
INSERT INTO `profiles` (`user_id`, `city`, `country`, `status`, `created_at`, `updated_at`) VALUES (47, 'Pourosmouth', '1202914', 'Online', '1987-03-26 02:36:37', '2014-12-28 03:46:58');
INSERT INTO `profiles` (`user_id`, `city`, `country`, `status`, `created_at`, `updated_at`) VALUES (48, 'Lake Venaview', '53', 'Inaactive', '1993-08-20 23:59:53', '1985-11-09 00:51:20');
INSERT INTO `profiles` (`user_id`, `city`, `country`, `status`, `created_at`, `updated_at`) VALUES (49, 'Ferryside', '998', 'Inaactive', '1975-05-13 17:36:37', '2019-10-12 00:57:03');
INSERT INTO `profiles` (`user_id`, `city`, `country`, `status`, `created_at`, `updated_at`) VALUES (50, 'Nashburgh', '', 'Offline', '1990-12-12 02:04:27', '2017-08-24 14:58:55');
INSERT INTO `profiles` (`user_id`, `city`, `country`, `status`, `created_at`, `updated_at`) VALUES (51, 'Lysannefurt', '5', 'Offline', '1983-07-23 09:11:00', '1978-02-06 15:01:04');
INSERT INTO `profiles` (`user_id`, `city`, `country`, `status`, `created_at`, `updated_at`) VALUES (52, 'West Lionel', '31390645', 'Inaactive', '2011-07-12 13:11:15', '2002-01-17 21:40:17');
INSERT INTO `profiles` (`user_id`, `city`, `country`, `status`, `created_at`, `updated_at`) VALUES (53, 'North Andreanneshire', '12994', 'Online', '1987-10-27 17:42:39', '2006-12-14 04:08:33');
INSERT INTO `profiles` (`user_id`, `city`, `country`, `status`, `created_at`, `updated_at`) VALUES (54, 'Bogisichburgh', '635834', 'Inaactive', '1975-01-12 08:13:20', '1995-11-25 05:38:15');
INSERT INTO `profiles` (`user_id`, `city`, `country`, `status`, `created_at`, `updated_at`) VALUES (55, 'Nadershire', '2754', 'Online', '1996-06-19 21:33:16', '2003-09-15 22:31:10');
INSERT INTO `profiles` (`user_id`, `city`, `country`, `status`, `created_at`, `updated_at`) VALUES (56, 'Stehrland', '409', 'Inaactive', '2009-10-21 00:53:18', '1991-06-12 16:40:45');
INSERT INTO `profiles` (`user_id`, `city`, `country`, `status`, `created_at`, `updated_at`) VALUES (57, 'South Rudolphton', '67810', 'Online', '1989-10-13 19:09:44', '2011-10-31 09:39:15');
INSERT INTO `profiles` (`user_id`, `city`, `country`, `status`, `created_at`, `updated_at`) VALUES (58, 'Thielview', '1', 'Online', '1984-04-10 01:43:29', '2006-03-17 17:19:39');
INSERT INTO `profiles` (`user_id`, `city`, `country`, `status`, `created_at`, `updated_at`) VALUES (59, 'Lake Cindy', '262394853', 'Offline', '1985-10-24 22:11:27', '1973-11-02 16:34:44');
INSERT INTO `profiles` (`user_id`, `city`, `country`, `status`, `created_at`, `updated_at`) VALUES (60, 'Bridgettefurt', '12664', 'Inaactive', '1974-12-11 15:21:13', '2013-10-25 07:19:42');
INSERT INTO `profiles` (`user_id`, `city`, `country`, `status`, `created_at`, `updated_at`) VALUES (61, 'North Kris', '598545514', 'Inaactive', '1980-04-13 03:51:44', '1987-12-27 07:07:34');
INSERT INTO `profiles` (`user_id`, `city`, `country`, `status`, `created_at`, `updated_at`) VALUES (62, 'Larsonville', '53', 'Online', '2000-04-29 22:17:20', '1992-11-16 16:09:57');
INSERT INTO `profiles` (`user_id`, `city`, `country`, `status`, `created_at`, `updated_at`) VALUES (63, 'Fritschstad', '97163', 'Online', '1982-08-28 12:31:01', '1978-06-09 11:42:57');
INSERT INTO `profiles` (`user_id`, `city`, `country`, `status`, `created_at`, `updated_at`) VALUES (64, 'Port Hans', '576275446', 'Offline', '2015-02-01 02:38:00', '1978-11-10 15:54:21');
INSERT INTO `profiles` (`user_id`, `city`, `country`, `status`, `created_at`, `updated_at`) VALUES (65, 'Yostland', '3', 'Online', '2011-12-29 00:36:28', '2001-08-06 23:42:37');
INSERT INTO `profiles` (`user_id`, `city`, `country`, `status`, `created_at`, `updated_at`) VALUES (66, 'VonRuedenberg', '61048281', 'Offline', '1981-04-05 21:48:37', '1981-12-02 15:58:26');
INSERT INTO `profiles` (`user_id`, `city`, `country`, `status`, `created_at`, `updated_at`) VALUES (67, 'New Gustmouth', '', 'Inaactive', '1980-08-21 22:16:07', '2015-07-05 12:20:39');
INSERT INTO `profiles` (`user_id`, `city`, `country`, `status`, `created_at`, `updated_at`) VALUES (68, 'Port Kallie', '877833', 'Offline', '2013-11-29 11:50:11', '2002-06-25 05:04:26');
INSERT INTO `profiles` (`user_id`, `city`, `country`, `status`, `created_at`, `updated_at`) VALUES (69, 'West Annetown', '1', 'Offline', '2021-07-10 01:20:44', '1991-07-23 01:36:22');
INSERT INTO `profiles` (`user_id`, `city`, `country`, `status`, `created_at`, `updated_at`) VALUES (70, 'West Maxwell', '974752', 'Online', '1998-10-13 09:00:57', '1988-10-21 10:38:56');
INSERT INTO `profiles` (`user_id`, `city`, `country`, `status`, `created_at`, `updated_at`) VALUES (71, 'South Tabithafort', '20701', 'Inaactive', '1973-04-05 19:55:37', '1997-01-31 09:55:13');
INSERT INTO `profiles` (`user_id`, `city`, `country`, `status`, `created_at`, `updated_at`) VALUES (72, 'West Orloburgh', '', 'Offline', '2016-08-21 01:18:30', '2005-05-28 18:03:07');
INSERT INTO `profiles` (`user_id`, `city`, `country`, `status`, `created_at`, `updated_at`) VALUES (73, 'Jaskolskiland', '7', 'Online', '1999-03-30 08:13:04', '2021-07-19 15:31:48');
INSERT INTO `profiles` (`user_id`, `city`, `country`, `status`, `created_at`, `updated_at`) VALUES (74, 'New Piper', '78265', 'Offline', '2019-05-20 16:11:06', '1990-12-29 17:34:25');
INSERT INTO `profiles` (`user_id`, `city`, `country`, `status`, `created_at`, `updated_at`) VALUES (75, 'North Paigeton', '6421', 'Offline', '2002-04-18 23:54:02', '1991-05-16 04:54:18');
INSERT INTO `profiles` (`user_id`, `city`, `country`, `status`, `created_at`, `updated_at`) VALUES (76, 'Adelashire', '43616124', 'Offline', '1984-05-06 04:06:45', '1973-02-01 08:30:31');
INSERT INTO `profiles` (`user_id`, `city`, `country`, `status`, `created_at`, `updated_at`) VALUES (77, 'West Deontae', '78118', 'Offline', '1983-05-26 09:47:30', '1983-06-18 16:05:23');
INSERT INTO `profiles` (`user_id`, `city`, `country`, `status`, `created_at`, `updated_at`) VALUES (78, 'Aufderharbury', '920753', 'Online', '2008-06-20 23:13:10', '2001-02-13 17:46:14');
INSERT INTO `profiles` (`user_id`, `city`, `country`, `status`, `created_at`, `updated_at`) VALUES (79, 'West Jamilmouth', '835258', 'Online', '1997-12-01 07:26:07', '1988-10-16 09:34:32');
INSERT INTO `profiles` (`user_id`, `city`, `country`, `status`, `created_at`, `updated_at`) VALUES (80, 'Candidohaven', '', 'Inaactive', '1971-05-26 03:07:49', '1974-08-16 05:02:05');
INSERT INTO `profiles` (`user_id`, `city`, `country`, `status`, `created_at`, `updated_at`) VALUES (81, 'Pabloside', '8316917', 'Offline', '2014-11-30 07:50:18', '1980-03-02 18:50:59');
INSERT INTO `profiles` (`user_id`, `city`, `country`, `status`, `created_at`, `updated_at`) VALUES (82, 'Amparoshire', '87', 'Offline', '2016-04-20 08:54:57', '2014-06-30 09:39:12');
INSERT INTO `profiles` (`user_id`, `city`, `country`, `status`, `created_at`, `updated_at`) VALUES (83, 'Effertzstad', '60144', 'Online', '2010-03-15 01:59:56', '1971-07-26 20:07:01');
INSERT INTO `profiles` (`user_id`, `city`, `country`, `status`, `created_at`, `updated_at`) VALUES (84, 'Roseport', '64', 'Inaactive', '1986-02-22 20:25:45', '2012-11-22 18:57:31');
INSERT INTO `profiles` (`user_id`, `city`, `country`, `status`, `created_at`, `updated_at`) VALUES (85, 'New Nils', '', 'Online', '1976-10-27 12:22:05', '1983-02-04 14:48:56');
INSERT INTO `profiles` (`user_id`, `city`, `country`, `status`, `created_at`, `updated_at`) VALUES (86, 'Kianatown', '', 'Offline', '2015-09-25 11:25:28', '1980-06-13 22:00:07');
INSERT INTO `profiles` (`user_id`, `city`, `country`, `status`, `created_at`, `updated_at`) VALUES (87, 'Weissnatbury', '24017907', 'Online', '2008-01-04 12:30:53', '1985-05-20 08:51:44');
INSERT INTO `profiles` (`user_id`, `city`, `country`, `status`, `created_at`, `updated_at`) VALUES (88, 'Satterfieldbury', '1118055', 'Inaactive', '1981-08-01 22:46:01', '1973-02-13 18:51:44');
INSERT INTO `profiles` (`user_id`, `city`, `country`, `status`, `created_at`, `updated_at`) VALUES (89, 'Lucieberg', '90632', 'Inaactive', '2016-06-27 08:20:56', '1990-12-26 01:16:43');
INSERT INTO `profiles` (`user_id`, `city`, `country`, `status`, `created_at`, `updated_at`) VALUES (90, 'West Grayson', '91540361', 'Inaactive', '1993-02-12 16:01:20', '1993-10-05 09:08:00');
INSERT INTO `profiles` (`user_id`, `city`, `country`, `status`, `created_at`, `updated_at`) VALUES (91, 'New Linnie', '84301', 'Online', '1992-12-16 18:20:26', '1974-09-27 04:44:38');
INSERT INTO `profiles` (`user_id`, `city`, `country`, `status`, `created_at`, `updated_at`) VALUES (92, 'East Euna', '6863462', 'Inaactive', '2013-04-06 15:46:26', '2017-03-13 16:05:26');
INSERT INTO `profiles` (`user_id`, `city`, `country`, `status`, `created_at`, `updated_at`) VALUES (93, 'Lake Lorenburgh', '7614', 'Offline', '1970-12-01 17:04:55', '2017-11-02 14:55:52');
INSERT INTO `profiles` (`user_id`, `city`, `country`, `status`, `created_at`, `updated_at`) VALUES (94, 'Hermannside', '133626', 'Online', '2003-10-06 11:58:18', '1997-06-19 01:27:52');
INSERT INTO `profiles` (`user_id`, `city`, `country`, `status`, `created_at`, `updated_at`) VALUES (95, 'Beierberg', '18763', 'Offline', '2000-10-13 07:46:52', '2000-06-15 06:49:59');
INSERT INTO `profiles` (`user_id`, `city`, `country`, `status`, `created_at`, `updated_at`) VALUES (96, 'South Elvera', '2664', 'Offline', '1989-07-04 23:56:50', '1974-12-01 04:11:07');
INSERT INTO `profiles` (`user_id`, `city`, `country`, `status`, `created_at`, `updated_at`) VALUES (97, 'New Delphiatown', '135456', 'Offline', '1995-01-05 04:43:10', '1990-09-21 18:32:21');
INSERT INTO `profiles` (`user_id`, `city`, `country`, `status`, `created_at`, `updated_at`) VALUES (98, 'Helenport', '', 'Inaactive', '2009-07-02 12:03:48', '2007-04-21 17:11:51');
INSERT INTO `profiles` (`user_id`, `city`, `country`, `status`, `created_at`, `updated_at`) VALUES (99, 'Heathcoteport', '946', 'Online', '2018-06-13 13:24:51', '1988-06-30 17:23:38');
INSERT INTO `profiles` (`user_id`, `city`, `country`, `status`, `created_at`, `updated_at`) VALUES (100, 'Katrinefort', '91133', 'Inaactive', '2021-09-08 19:37:07', '1980-01-14 00:03:47');

SELECT COUNT(*) FROM profiles;

INSERT INTO `messages` (`id`, `from_user_id`, `to_user_id`, `body`, `is_important`, `is_delivered`, `created_at`, `updated_at`) VALUES (1, 1, 1, 'Rem dolor cum at. Vel explicabo qui fugit quas ut facere. Earum et consectetur distinctio illum.', 1, 1, '1975-07-03 18:54:18', '2015-04-03 15:09:08');
INSERT INTO `messages` (`id`, `from_user_id`, `to_user_id`, `body`, `is_important`, `is_delivered`, `created_at`, `updated_at`) VALUES (2, 2, 2, 'Fuga voluptas nihil ut. Similique distinctio molestiae esse omnis sunt eum. Enim neque recusandae praesentium necessitatibus.', 0, 0, '2018-10-16 07:50:39', '1984-03-06 02:48:10');
INSERT INTO `messages` (`id`, `from_user_id`, `to_user_id`, `body`, `is_important`, `is_delivered`, `created_at`, `updated_at`) VALUES (3, 3, 3, 'Unde error occaecati animi labore et nihil. Rerum ad quibusdam et vero voluptatibus eos sed. Modi qui cumque inventore quia excepturi. Voluptate optio omnis voluptas ducimus ullam. Rerum tempora dicta quis optio delectus.', 1, 1, '2004-10-28 22:27:47', '2013-06-24 01:41:33');
INSERT INTO `messages` (`id`, `from_user_id`, `to_user_id`, `body`, `is_important`, `is_delivered`, `created_at`, `updated_at`) VALUES (4, 4, 4, 'Eum in aut impedit fugiat impedit sed. Sit ut est mollitia ducimus libero autem. Voluptas laborum repellat sit aut suscipit et. Voluptatem aspernatur corporis consequatur voluptas velit. Est nihil ut qui dolorum eaque amet voluptas occaecati.', 1, 0, '1988-01-18 09:40:39', '1987-01-05 20:06:14');
INSERT INTO `messages` (`id`, `from_user_id`, `to_user_id`, `body`, `is_important`, `is_delivered`, `created_at`, `updated_at`) VALUES (5, 5, 5, 'Ut impedit sed repudiandae dignissimos ducimus molestiae. Animi molestias non corrupti neque et. Nihil dolor sequi aperiam voluptatem.', 0, 1, '2009-11-01 09:18:03', '1991-08-22 06:53:11');
INSERT INTO `messages` (`id`, `from_user_id`, `to_user_id`, `body`, `is_important`, `is_delivered`, `created_at`, `updated_at`) VALUES (6, 6, 6, 'Tenetur consequuntur aut delectus qui commodi corporis cupiditate. Et possimus et laudantium corrupti. Quia qui non omnis et maiores consectetur. Quia excepturi officia explicabo suscipit voluptates vero.', 0, 0, '2001-03-22 10:40:14', '2018-06-04 22:46:12');
INSERT INTO `messages` (`id`, `from_user_id`, `to_user_id`, `body`, `is_important`, `is_delivered`, `created_at`, `updated_at`) VALUES (7, 7, 7, 'Qui ullam molestiae quas iusto. Vero hic sit sequi ut non molestiae. Sit odit totam qui perferendis saepe est dolorum.', 1, 0, '2013-01-23 12:47:41', '1975-10-03 18:31:48');
INSERT INTO `messages` (`id`, `from_user_id`, `to_user_id`, `body`, `is_important`, `is_delivered`, `created_at`, `updated_at`) VALUES (8, 8, 8, 'Consequatur iusto itaque qui nemo architecto nulla ut ut. Voluptatem repudiandae similique quam consequatur est veritatis velit iusto. Amet occaecati praesentium consequatur aliquid dicta facilis nostrum quia. Minima non dolorem nam quibusdam et impedit quis.', 1, 1, '1980-12-14 21:29:28', '2004-01-14 20:38:09');
INSERT INTO `messages` (`id`, `from_user_id`, `to_user_id`, `body`, `is_important`, `is_delivered`, `created_at`, `updated_at`) VALUES (9, 9, 9, 'Placeat maxime consequatur qui similique dolorem quos veritatis quam. Illum aut molestiae animi voluptatem illo officiis sunt. Suscipit alias quia quisquam officiis consequuntur repudiandae saepe. Tempora maxime eos nesciunt quis expedita voluptas eligendi.', 0, 0, '1980-10-02 19:33:44', '2007-01-28 21:43:34');
INSERT INTO `messages` (`id`, `from_user_id`, `to_user_id`, `body`, `is_important`, `is_delivered`, `created_at`, `updated_at`) VALUES (10, 10, 10, 'Molestiae voluptas libero illum soluta sit. Qui magnam impedit nostrum tempora quibusdam. Ab debitis quia id totam incidunt at laudantium.', 1, 0, '1977-02-20 02:25:38', '1978-09-26 19:24:34');
INSERT INTO `messages` (`id`, `from_user_id`, `to_user_id`, `body`, `is_important`, `is_delivered`, `created_at`, `updated_at`) VALUES (11, 11, 11, 'Quaerat aliquam modi perspiciatis. Laudantium consequatur magni quos ipsum animi unde. Ex ut rerum expedita delectus non. Deleniti blanditiis totam rerum voluptatem quidem minus porro. Est sed facere accusamus maxime nisi pariatur.', 0, 1, '2011-07-17 08:55:59', '2015-07-28 17:24:13');
INSERT INTO `messages` (`id`, `from_user_id`, `to_user_id`, `body`, `is_important`, `is_delivered`, `created_at`, `updated_at`) VALUES (12, 12, 12, 'Sunt laboriosam voluptate asperiores nisi necessitatibus. In dolorem aut saepe quod ut alias. Pariatur quibusdam sint quidem soluta. Ad laudantium sunt ratione et dicta nostrum qui.', 1, 0, '1985-04-04 21:00:56', '1986-10-12 21:00:22');
INSERT INTO `messages` (`id`, `from_user_id`, `to_user_id`, `body`, `is_important`, `is_delivered`, `created_at`, `updated_at`) VALUES (13, 13, 13, 'Delectus aut error et. Laboriosam dolorem laboriosam repudiandae. Adipisci alias provident rem aspernatur non quibusdam aspernatur.', 0, 0, '1980-09-11 10:59:07', '1995-03-24 06:58:51');
INSERT INTO `messages` (`id`, `from_user_id`, `to_user_id`, `body`, `is_important`, `is_delivered`, `created_at`, `updated_at`) VALUES (14, 14, 14, 'Labore ratione enim autem perspiciatis deleniti molestias. Fugit et velit facere perspiciatis sed dolor. Debitis tempora id et porro est odit mollitia. Quia et nihil eveniet aut unde.', 1, 0, '1971-07-16 09:17:19', '2018-06-18 02:29:17');
INSERT INTO `messages` (`id`, `from_user_id`, `to_user_id`, `body`, `is_important`, `is_delivered`, `created_at`, `updated_at`) VALUES (15, 15, 15, 'Tempora vitae rerum sint perspiciatis voluptates temporibus. Voluptatem assumenda ea recusandae amet similique et.', 0, 0, '1972-12-27 04:56:09', '1981-03-15 01:45:01');
INSERT INTO `messages` (`id`, `from_user_id`, `to_user_id`, `body`, `is_important`, `is_delivered`, `created_at`, `updated_at`) VALUES (16, 16, 16, 'Aperiam nostrum voluptatum qui nihil et omnis. Nulla qui consequatur ea placeat nisi labore enim. Qui esse sit laboriosam dolorum.', 1, 1, '1984-09-19 08:40:43', '1992-10-09 13:11:11');
INSERT INTO `messages` (`id`, `from_user_id`, `to_user_id`, `body`, `is_important`, `is_delivered`, `created_at`, `updated_at`) VALUES (17, 17, 17, 'Velit at ipsum eveniet voluptatem aut dolorem qui ipsam. Consequatur repellendus dolorum ipsam sapiente provident consectetur ipsam. Fuga quae corrupti natus quae ut.', 0, 1, '1979-08-16 05:53:30', '2013-07-27 09:55:03');
INSERT INTO `messages` (`id`, `from_user_id`, `to_user_id`, `body`, `is_important`, `is_delivered`, `created_at`, `updated_at`) VALUES (18, 18, 18, 'Autem aliquam laboriosam ex ea eos dicta inventore. At sed cum odio at blanditiis unde necessitatibus. Ea culpa corporis quis laudantium. Ipsam cumque ipsum reprehenderit quia quia.', 0, 1, '2019-04-16 00:20:21', '2019-02-19 00:08:10');
INSERT INTO `messages` (`id`, `from_user_id`, `to_user_id`, `body`, `is_important`, `is_delivered`, `created_at`, `updated_at`) VALUES (19, 19, 19, 'Quis est numquam nihil odio non deleniti sit. Voluptates eaque ducimus assumenda. Culpa corrupti alias alias quas voluptatem aliquam explicabo.', 1, 0, '2010-04-16 15:56:41', '2019-12-03 00:02:32');
INSERT INTO `messages` (`id`, `from_user_id`, `to_user_id`, `body`, `is_important`, `is_delivered`, `created_at`, `updated_at`) VALUES (20, 20, 20, 'Similique modi voluptatibus eum quibusdam voluptates enim optio. Ea eos qui sed aperiam. Aperiam repellendus maxime nihil neque vel. Ut aspernatur molestiae ut sed voluptatibus et beatae.', 0, 1, '2012-04-13 04:14:22', '2011-11-04 04:26:16');
INSERT INTO `messages` (`id`, `from_user_id`, `to_user_id`, `body`, `is_important`, `is_delivered`, `created_at`, `updated_at`) VALUES (21, 21, 21, 'Totam aut non quas iste eum ducimus. Officia non quod et perferendis iure et vitae. Occaecati atque aut unde expedita id ad. Rerum id pariatur saepe vero itaque ea consequatur.', 1, 0, '1999-02-23 13:40:15', '1991-04-19 15:28:08');
INSERT INTO `messages` (`id`, `from_user_id`, `to_user_id`, `body`, `is_important`, `is_delivered`, `created_at`, `updated_at`) VALUES (22, 22, 22, 'Cumque ea nam at nesciunt nemo ut. A aut odit fugiat corrupti inventore dolores non. Consectetur et qui assumenda corrupti quos laudantium quam.', 1, 0, '2021-05-10 14:40:46', '1984-09-20 17:43:57');
INSERT INTO `messages` (`id`, `from_user_id`, `to_user_id`, `body`, `is_important`, `is_delivered`, `created_at`, `updated_at`) VALUES (23, 23, 23, 'Qui quo nulla illo repellat et. Et neque et voluptas eum doloribus quia quibusdam.', 1, 0, '2006-10-31 19:23:43', '1978-05-08 16:31:46');
INSERT INTO `messages` (`id`, `from_user_id`, `to_user_id`, `body`, `is_important`, `is_delivered`, `created_at`, `updated_at`) VALUES (24, 24, 24, 'Doloremque et sunt numquam asperiores. Voluptas aut quos repudiandae harum inventore et. Dolorem consectetur accusantium sint quam.', 0, 1, '1996-02-21 15:08:49', '1993-05-21 11:27:21');
INSERT INTO `messages` (`id`, `from_user_id`, `to_user_id`, `body`, `is_important`, `is_delivered`, `created_at`, `updated_at`) VALUES (25, 25, 25, 'Voluptatum dignissimos voluptas qui vero. Consequatur est sit repellat et. Cupiditate corrupti vero numquam velit quia voluptas.', 1, 0, '2021-05-18 05:37:23', '2021-04-30 16:57:51');
INSERT INTO `messages` (`id`, `from_user_id`, `to_user_id`, `body`, `is_important`, `is_delivered`, `created_at`, `updated_at`) VALUES (26, 26, 26, 'Id consequuntur fugit tempora nihil aut nemo modi. Ut maiores ipsam eum. Molestiae eius veniam repudiandae vel aut dicta. Quae atque soluta dolor molestias animi.', 1, 0, '1987-04-09 16:54:12', '1979-05-19 21:34:02');
INSERT INTO `messages` (`id`, `from_user_id`, `to_user_id`, `body`, `is_important`, `is_delivered`, `created_at`, `updated_at`) VALUES (27, 27, 27, 'Dolores temporibus sint soluta quia magni eos esse quo. Architecto rerum ipsa sunt perferendis sunt laudantium. Magnam consequuntur aspernatur odit officia eos. Voluptatem ut nulla reiciendis voluptatem illo maxime ut.', 1, 1, '1986-05-08 22:19:12', '2021-07-25 09:25:12');
INSERT INTO `messages` (`id`, `from_user_id`, `to_user_id`, `body`, `is_important`, `is_delivered`, `created_at`, `updated_at`) VALUES (28, 28, 28, 'Consectetur quisquam accusantium animi voluptas at repellendus. Est reiciendis autem at nam quasi sit.', 0, 1, '1979-09-21 06:02:18', '1987-10-29 10:01:53');
INSERT INTO `messages` (`id`, `from_user_id`, `to_user_id`, `body`, `is_important`, `is_delivered`, `created_at`, `updated_at`) VALUES (29, 29, 29, 'Exercitationem id sed assumenda placeat quis. Necessitatibus eius accusamus quo necessitatibus quia reiciendis. Possimus tempora rerum voluptas quo temporibus. Voluptatem repudiandae quia assumenda aliquam et voluptas eius.', 0, 1, '1972-05-12 12:47:01', '2014-05-28 20:28:20');
INSERT INTO `messages` (`id`, `from_user_id`, `to_user_id`, `body`, `is_important`, `is_delivered`, `created_at`, `updated_at`) VALUES (30, 30, 30, 'Laboriosam nam illum fugit ea et officia earum cumque. Dolores ullam error distinctio quasi mollitia. Libero quia alias maiores est maiores debitis provident.', 0, 0, '2014-08-15 11:08:16', '2002-07-21 22:11:21');
INSERT INTO `messages` (`id`, `from_user_id`, `to_user_id`, `body`, `is_important`, `is_delivered`, `created_at`, `updated_at`) VALUES (31, 31, 31, 'Autem ipsam rerum atque molestiae. Voluptatem molestiae iusto et perspiciatis accusamus. Optio aspernatur quia dolores amet.', 0, 0, '1984-01-28 10:18:26', '2017-02-14 19:30:38');
INSERT INTO `messages` (`id`, `from_user_id`, `to_user_id`, `body`, `is_important`, `is_delivered`, `created_at`, `updated_at`) VALUES (32, 32, 32, 'Aliquam tempora rerum perferendis ipsam. Ut non possimus dolorum sint dolorem. Odit provident omnis omnis beatae dolor et quisquam.', 0, 1, '1983-03-20 09:52:47', '1994-05-14 22:07:54');
INSERT INTO `messages` (`id`, `from_user_id`, `to_user_id`, `body`, `is_important`, `is_delivered`, `created_at`, `updated_at`) VALUES (33, 33, 33, 'Voluptas commodi ea eaque aliquid libero hic optio. Ut aut ea eos quod inventore aut. Optio excepturi nostrum repudiandae iure et.', 1, 0, '1986-09-26 14:19:47', '2005-09-12 04:29:45');
INSERT INTO `messages` (`id`, `from_user_id`, `to_user_id`, `body`, `is_important`, `is_delivered`, `created_at`, `updated_at`) VALUES (34, 34, 34, 'Consequatur laudantium in nemo corrupti commodi itaque tempore. Excepturi sit voluptas sit doloremque tempora reiciendis. Natus reprehenderit suscipit eaque dicta. Voluptatem asperiores ut dolorem quas voluptates id odio.', 1, 0, '1995-02-09 23:14:55', '1981-05-23 09:02:10');
INSERT INTO `messages` (`id`, `from_user_id`, `to_user_id`, `body`, `is_important`, `is_delivered`, `created_at`, `updated_at`) VALUES (35, 35, 35, 'Blanditiis dolorem aliquam et aut et et accusamus reiciendis. Minus doloribus dolorem quaerat rerum incidunt occaecati libero. Iure quo dignissimos delectus qui neque voluptatem. Aut qui et labore ipsa aut maxime perferendis et.', 0, 1, '2003-03-02 14:30:46', '1988-10-07 04:40:04');
INSERT INTO `messages` (`id`, `from_user_id`, `to_user_id`, `body`, `is_important`, `is_delivered`, `created_at`, `updated_at`) VALUES (36, 36, 36, 'Enim dolor assumenda nisi maiores. Ut aut aperiam qui sed tenetur quo consectetur. Consequuntur sed culpa nihil id vel. Repudiandae illo deserunt enim.', 0, 0, '2000-10-18 11:45:31', '1999-10-06 13:42:28');
INSERT INTO `messages` (`id`, `from_user_id`, `to_user_id`, `body`, `is_important`, `is_delivered`, `created_at`, `updated_at`) VALUES (37, 37, 37, 'Doloremque modi aspernatur recusandae ut velit adipisci et. Maxime ipsum non quisquam distinctio aut. Assumenda eveniet quisquam facilis. Adipisci veritatis quisquam adipisci nam.', 0, 1, '2007-09-17 13:57:41', '2003-02-17 15:56:27');
INSERT INTO `messages` (`id`, `from_user_id`, `to_user_id`, `body`, `is_important`, `is_delivered`, `created_at`, `updated_at`) VALUES (38, 38, 38, 'Eos hic voluptatem placeat dignissimos dignissimos expedita. Quod consequuntur cupiditate et dicta vitae ullam. Non aut deleniti et aut facere nesciunt eum consequuntur.', 1, 1, '1984-12-06 09:21:00', '1997-01-22 09:53:45');
INSERT INTO `messages` (`id`, `from_user_id`, `to_user_id`, `body`, `is_important`, `is_delivered`, `created_at`, `updated_at`) VALUES (39, 39, 39, 'Voluptas quia harum corrupti rem sequi repellendus. Quaerat sunt error harum sapiente. Est non ea deleniti et qui quidem soluta.', 1, 0, '1971-03-13 04:12:56', '2019-09-16 15:14:28');
INSERT INTO `messages` (`id`, `from_user_id`, `to_user_id`, `body`, `is_important`, `is_delivered`, `created_at`, `updated_at`) VALUES (40, 40, 40, 'Aut qui unde architecto adipisci sequi qui modi. Aut eos sed tempore.', 0, 1, '1998-09-23 17:04:48', '2009-09-16 16:13:05');
INSERT INTO `messages` (`id`, `from_user_id`, `to_user_id`, `body`, `is_important`, `is_delivered`, `created_at`, `updated_at`) VALUES (41, 41, 41, 'Consequatur optio quod ullam deleniti inventore. Magni et aliquid neque quis quis. Eum est eaque in dolor doloribus deleniti. Officiis ut veniam sed enim.', 1, 1, '1994-07-28 15:18:32', '1975-09-16 18:29:06');
INSERT INTO `messages` (`id`, `from_user_id`, `to_user_id`, `body`, `is_important`, `is_delivered`, `created_at`, `updated_at`) VALUES (42, 42, 42, 'Temporibus sint veniam eius. Nam laborum consequatur aspernatur tempore expedita quo quis. Sit dolorum odio eveniet ut dolores.', 1, 1, '1997-02-17 04:55:31', '1985-08-30 03:36:29');
INSERT INTO `messages` (`id`, `from_user_id`, `to_user_id`, `body`, `is_important`, `is_delivered`, `created_at`, `updated_at`) VALUES (43, 43, 43, 'Repudiandae porro non deserunt ut est. Totam sunt laborum non magni repudiandae. Et sed praesentium aspernatur inventore aliquam aperiam. Laborum omnis ipsam quae numquam voluptatum.', 1, 1, '2004-03-16 05:06:38', '2020-11-01 22:14:51');
INSERT INTO `messages` (`id`, `from_user_id`, `to_user_id`, `body`, `is_important`, `is_delivered`, `created_at`, `updated_at`) VALUES (44, 44, 44, 'Sit nihil ut magnam eaque provident architecto dolore. Perferendis veritatis quisquam tempora quia et. Error dignissimos quo voluptatem dolorum et similique.', 1, 1, '2003-02-23 18:15:05', '1984-11-26 19:32:44');
INSERT INTO `messages` (`id`, `from_user_id`, `to_user_id`, `body`, `is_important`, `is_delivered`, `created_at`, `updated_at`) VALUES (45, 45, 45, 'Aliquid aut rerum rerum necessitatibus consequatur alias culpa. Neque delectus aut id molestiae. Sit quo enim magnam reiciendis dolorem. Sit saepe itaque exercitationem qui ratione.', 1, 1, '1992-04-07 01:11:29', '2006-05-08 14:17:51');
INSERT INTO `messages` (`id`, `from_user_id`, `to_user_id`, `body`, `is_important`, `is_delivered`, `created_at`, `updated_at`) VALUES (46, 46, 46, 'Id officiis sit ex ut rem. Consequatur perspiciatis totam facere ea velit. Ut et corrupti dolor illo dolorum neque. Sint sed aperiam ut sed.', 1, 0, '1995-02-03 23:18:51', '2015-08-07 06:27:48');
INSERT INTO `messages` (`id`, `from_user_id`, `to_user_id`, `body`, `is_important`, `is_delivered`, `created_at`, `updated_at`) VALUES (47, 47, 47, 'Laboriosam dolor atque voluptates et sequi qui reiciendis. Similique quia consequuntur sit et. Sit provident rem et fugit.', 0, 1, '1993-07-26 11:18:54', '2016-03-09 08:33:41');
INSERT INTO `messages` (`id`, `from_user_id`, `to_user_id`, `body`, `is_important`, `is_delivered`, `created_at`, `updated_at`) VALUES (48, 48, 48, 'Vero consequatur nihil facere velit quod placeat. Est deserunt cum eos eum magnam natus. Autem veritatis quia ea velit ut ut consectetur.', 1, 1, '2020-12-19 05:43:03', '2013-08-20 08:15:00');
INSERT INTO `messages` (`id`, `from_user_id`, `to_user_id`, `body`, `is_important`, `is_delivered`, `created_at`, `updated_at`) VALUES (49, 49, 49, 'Nam perferendis blanditiis quisquam nihil temporibus optio. Optio ex minus iste consequuntur ipsam voluptatem libero. Consequatur placeat quia quia.', 0, 0, '1988-12-19 00:05:48', '1978-07-25 15:43:52');
INSERT INTO `messages` (`id`, `from_user_id`, `to_user_id`, `body`, `is_important`, `is_delivered`, `created_at`, `updated_at`) VALUES (50, 50, 50, 'Ratione sint enim consequatur et. In rerum sunt totam magni soluta dolores.', 1, 0, '2006-02-24 18:20:09', '2006-08-24 15:50:04');
INSERT INTO `messages` (`id`, `from_user_id`, `to_user_id`, `body`, `is_important`, `is_delivered`, `created_at`, `updated_at`) VALUES (51, 51, 51, 'Fugit et esse et eos. Est iste magni vero excepturi. Harum voluptatem dolores quidem consequuntur. Modi nihil dolore et excepturi fugiat.', 1, 0, '1979-02-21 22:38:30', '1998-04-05 22:04:21');
INSERT INTO `messages` (`id`, `from_user_id`, `to_user_id`, `body`, `is_important`, `is_delivered`, `created_at`, `updated_at`) VALUES (52, 52, 52, 'Nihil quos animi et ad sequi totam ad. Veniam tenetur pariatur laboriosam facere voluptas perferendis et rerum. Et eaque minus nostrum libero sapiente laboriosam fugiat. Sed facilis itaque et aut omnis.', 0, 1, '1990-02-04 04:49:51', '1978-01-19 05:53:01');
INSERT INTO `messages` (`id`, `from_user_id`, `to_user_id`, `body`, `is_important`, `is_delivered`, `created_at`, `updated_at`) VALUES (53, 53, 53, 'Placeat qui distinctio deleniti dolor eos mollitia corporis. Beatae aut et similique aut sint similique. Nesciunt est assumenda iste voluptas. Ut reprehenderit deserunt sunt sed.', 1, 1, '1973-05-30 10:04:07', '2005-05-07 08:57:21');
INSERT INTO `messages` (`id`, `from_user_id`, `to_user_id`, `body`, `is_important`, `is_delivered`, `created_at`, `updated_at`) VALUES (54, 54, 54, 'Deserunt quasi iure enim nisi maxime facilis omnis eos. Voluptatem ut aut repellat voluptates praesentium. Dolor est dolor et dolorem asperiores aperiam nam. Illo vel doloremque cum qui sequi rerum voluptas facere.', 1, 1, '1971-11-11 15:34:54', '1990-10-22 12:54:44');
INSERT INTO `messages` (`id`, `from_user_id`, `to_user_id`, `body`, `is_important`, `is_delivered`, `created_at`, `updated_at`) VALUES (55, 55, 55, 'Commodi maxime omnis at adipisci. Et ut quos sunt enim. Ut sequi omnis enim deleniti sunt commodi odit in.', 0, 1, '1991-12-04 03:03:21', '2015-08-04 03:34:51');
INSERT INTO `messages` (`id`, `from_user_id`, `to_user_id`, `body`, `is_important`, `is_delivered`, `created_at`, `updated_at`) VALUES (56, 56, 56, 'Deleniti dicta aut perspiciatis sed voluptatem. Laboriosam ut necessitatibus quis cumque. In sequi enim nemo deserunt dolorem voluptas voluptatem. Et ut aut qui quia.', 0, 0, '1990-03-02 00:50:14', '1987-03-13 18:30:24');
INSERT INTO `messages` (`id`, `from_user_id`, `to_user_id`, `body`, `is_important`, `is_delivered`, `created_at`, `updated_at`) VALUES (57, 57, 57, 'Omnis omnis necessitatibus autem nobis consequatur. Odio quas occaecati amet possimus iusto aut. Soluta eum culpa illo nulla perferendis hic suscipit.', 0, 0, '1988-02-20 13:18:49', '2007-01-18 22:49:34');
INSERT INTO `messages` (`id`, `from_user_id`, `to_user_id`, `body`, `is_important`, `is_delivered`, `created_at`, `updated_at`) VALUES (58, 58, 58, 'Alias sapiente eum eligendi ut ea enim mollitia. Ad veritatis natus aperiam autem fugit. Officiis natus eius deserunt sit recusandae.', 0, 1, '2015-04-28 01:25:48', '2012-11-25 20:50:57');
INSERT INTO `messages` (`id`, `from_user_id`, `to_user_id`, `body`, `is_important`, `is_delivered`, `created_at`, `updated_at`) VALUES (59, 59, 59, 'Sapiente fuga ex quo quisquam sunt accusantium nisi qui. Nihil eveniet aliquam ea atque perferendis. Et consequatur iste est nisi id voluptatem. A eligendi et architecto vel omnis asperiores eius rerum.', 0, 0, '2021-05-20 07:51:51', '1981-09-17 12:49:09');
INSERT INTO `messages` (`id`, `from_user_id`, `to_user_id`, `body`, `is_important`, `is_delivered`, `created_at`, `updated_at`) VALUES (60, 60, 60, 'Est ut odit consequatur cum. Sed ducimus aut non rem quas in. Nisi dolores aut doloremque. Commodi velit omnis quod soluta omnis.', 0, 0, '2014-07-03 01:50:51', '2010-03-04 23:00:09');
INSERT INTO `messages` (`id`, `from_user_id`, `to_user_id`, `body`, `is_important`, `is_delivered`, `created_at`, `updated_at`) VALUES (61, 61, 61, 'Est qui facere voluptates est minus. Odio officiis aperiam quo. Qui cupiditate fugiat consequatur quam.', 1, 1, '2001-03-25 10:05:28', '1998-03-06 01:01:02');
INSERT INTO `messages` (`id`, `from_user_id`, `to_user_id`, `body`, `is_important`, `is_delivered`, `created_at`, `updated_at`) VALUES (62, 62, 62, 'Quia adipisci consequatur nemo et voluptatem. Est nobis distinctio ea. Autem sed nobis ea nesciunt. Dolore quia necessitatibus commodi aut quasi distinctio.', 0, 1, '1989-06-20 03:32:57', '1995-05-28 15:09:35');
INSERT INTO `messages` (`id`, `from_user_id`, `to_user_id`, `body`, `is_important`, `is_delivered`, `created_at`, `updated_at`) VALUES (63, 63, 63, 'Vel magnam amet accusamus sint. Et neque odio repellendus alias quasi voluptatem inventore. Officia quibusdam sapiente eos.', 1, 1, '1983-12-10 04:37:49', '1989-03-26 23:06:35');
INSERT INTO `messages` (`id`, `from_user_id`, `to_user_id`, `body`, `is_important`, `is_delivered`, `created_at`, `updated_at`) VALUES (64, 64, 64, 'A eaque ut porro. Dignissimos omnis et impedit. Beatae aut ullam quia. Consequatur nobis placeat velit hic et ab alias.', 0, 0, '1986-10-24 19:55:22', '1982-12-28 06:34:04');
INSERT INTO `messages` (`id`, `from_user_id`, `to_user_id`, `body`, `is_important`, `is_delivered`, `created_at`, `updated_at`) VALUES (65, 65, 65, 'Facere ut quasi fuga repudiandae aut tempore. Nihil et neque error aut nulla. Aut inventore voluptatem nesciunt consequatur error facere et blanditiis.', 1, 0, '1996-07-25 07:02:41', '1992-08-04 09:24:54');
INSERT INTO `messages` (`id`, `from_user_id`, `to_user_id`, `body`, `is_important`, `is_delivered`, `created_at`, `updated_at`) VALUES (66, 66, 66, 'A labore molestiae doloribus occaecati quaerat adipisci. Iusto id sunt asperiores repudiandae maxime quis. Molestias excepturi nemo itaque culpa ea.', 1, 1, '2011-08-19 16:17:50', '2019-02-22 08:54:04');
INSERT INTO `messages` (`id`, `from_user_id`, `to_user_id`, `body`, `is_important`, `is_delivered`, `created_at`, `updated_at`) VALUES (67, 67, 67, 'Aperiam sit in est eius vel. Sed corrupti nihil officia sunt aliquid eum nesciunt. Dolorum ipsam non suscipit reprehenderit molestiae. Laudantium quisquam voluptate molestiae repellat autem eum consectetur.', 1, 1, '1999-11-11 19:20:07', '2002-04-14 21:05:38');
INSERT INTO `messages` (`id`, `from_user_id`, `to_user_id`, `body`, `is_important`, `is_delivered`, `created_at`, `updated_at`) VALUES (68, 68, 68, 'Labore consequatur et quisquam quod culpa quisquam. Sed cupiditate nam vitae voluptate voluptas et sunt. Fugiat ut numquam quisquam maxime quidem consequuntur nulla. Ipsum modi et et ducimus voluptatem.', 1, 1, '1997-06-05 07:48:47', '1998-12-26 18:06:04');
INSERT INTO `messages` (`id`, `from_user_id`, `to_user_id`, `body`, `is_important`, `is_delivered`, `created_at`, `updated_at`) VALUES (69, 69, 69, 'Sed eos dolor odit necessitatibus omnis vitae placeat. Labore consequuntur quod voluptatem quia neque debitis accusamus quia. Dolore sit nihil alias voluptatem quae consequuntur dolores.', 0, 0, '1986-06-14 12:23:00', '1985-05-28 10:24:58');
INSERT INTO `messages` (`id`, `from_user_id`, `to_user_id`, `body`, `is_important`, `is_delivered`, `created_at`, `updated_at`) VALUES (70, 70, 70, 'Voluptatem dolores rerum totam officiis. Qui officiis illum magnam autem quo. Eos sit assumenda quia mollitia. Nihil sequi non sint. Voluptas sunt qui dolor blanditiis laborum ut.', 1, 0, '1993-01-06 04:14:45', '2001-04-01 20:02:59');
INSERT INTO `messages` (`id`, `from_user_id`, `to_user_id`, `body`, `is_important`, `is_delivered`, `created_at`, `updated_at`) VALUES (71, 71, 71, 'Ea necessitatibus facere dolorem inventore. Minima eos libero magni nostrum omnis aut. Quia delectus doloribus et quisquam perspiciatis.', 0, 1, '1974-11-28 09:57:05', '2000-03-25 17:58:27');
INSERT INTO `messages` (`id`, `from_user_id`, `to_user_id`, `body`, `is_important`, `is_delivered`, `created_at`, `updated_at`) VALUES (72, 72, 72, 'Optio temporibus id ut tempore explicabo aliquam. Commodi aspernatur aspernatur nulla quidem dolorem voluptas.', 1, 0, '2003-03-30 14:10:54', '2005-02-11 12:04:53');
INSERT INTO `messages` (`id`, `from_user_id`, `to_user_id`, `body`, `is_important`, `is_delivered`, `created_at`, `updated_at`) VALUES (73, 73, 73, 'Totam occaecati qui deserunt pariatur saepe possimus. Rerum et nihil dolor in rerum ad dolorem.', 1, 1, '2010-01-24 07:22:30', '2016-02-17 05:47:45');
INSERT INTO `messages` (`id`, `from_user_id`, `to_user_id`, `body`, `is_important`, `is_delivered`, `created_at`, `updated_at`) VALUES (74, 74, 74, 'Dolorem ut non cumque magni. Est totam asperiores nisi sed omnis non cupiditate est. Voluptas et tenetur tempora. Voluptas a dolor distinctio molestiae.', 0, 0, '1983-10-15 03:38:09', '2013-07-07 06:58:04');
INSERT INTO `messages` (`id`, `from_user_id`, `to_user_id`, `body`, `is_important`, `is_delivered`, `created_at`, `updated_at`) VALUES (75, 75, 75, 'Magni id esse rerum. Quo quis rerum nemo deserunt. Ea quia nemo quia est dolorem ratione.', 1, 1, '2012-02-07 03:00:55', '2011-06-15 21:49:16');
INSERT INTO `messages` (`id`, `from_user_id`, `to_user_id`, `body`, `is_important`, `is_delivered`, `created_at`, `updated_at`) VALUES (76, 76, 76, 'Ipsum vel accusamus maxime dolores cum. Ea optio labore autem quidem delectus beatae impedit. Iure id qui beatae nam voluptas et magni. Velit ea quia dolor error.', 0, 0, '2000-11-19 01:08:53', '2000-10-13 22:40:21');
INSERT INTO `messages` (`id`, `from_user_id`, `to_user_id`, `body`, `is_important`, `is_delivered`, `created_at`, `updated_at`) VALUES (77, 77, 77, 'Ut provident quia architecto quo tempore perspiciatis nostrum. Tempora non vero laborum et quae nesciunt. Odit aliquid labore ab debitis. Soluta eius quia et quisquam quia. Eos a eligendi quisquam libero voluptatem molestias deleniti.', 1, 1, '1987-03-07 16:47:38', '2007-02-23 09:15:39');
INSERT INTO `messages` (`id`, `from_user_id`, `to_user_id`, `body`, `is_important`, `is_delivered`, `created_at`, `updated_at`) VALUES (78, 78, 78, 'Voluptate suscipit voluptas quis voluptas distinctio molestias animi ad. Provident doloremque rem rerum id molestiae. Consectetur voluptatum magni omnis et sunt. Qui occaecati explicabo aspernatur sit minima commodi ut.', 1, 1, '1979-09-15 02:25:38', '2015-08-25 21:48:04');
INSERT INTO `messages` (`id`, `from_user_id`, `to_user_id`, `body`, `is_important`, `is_delivered`, `created_at`, `updated_at`) VALUES (79, 79, 79, 'Quidem itaque quia mollitia dolores eos quia consectetur. Quae dicta incidunt accusantium sapiente accusantium odit. Consectetur consequatur quo sit eaque unde velit.', 0, 1, '1999-05-11 08:58:38', '2018-05-04 02:39:21');
INSERT INTO `messages` (`id`, `from_user_id`, `to_user_id`, `body`, `is_important`, `is_delivered`, `created_at`, `updated_at`) VALUES (80, 80, 80, 'Similique qui voluptas vero officia labore. Est qui voluptatem sunt qui eum reiciendis. Aliquid beatae mollitia porro ea nisi voluptatum. Unde excepturi nisi beatae.', 1, 0, '1977-12-08 01:52:23', '1980-11-11 00:30:15');
INSERT INTO `messages` (`id`, `from_user_id`, `to_user_id`, `body`, `is_important`, `is_delivered`, `created_at`, `updated_at`) VALUES (81, 81, 81, 'Dolores autem ducimus dolorum consequatur architecto distinctio. Sint id voluptatum aperiam accusamus quos et dicta reprehenderit. Atque eos commodi nihil mollitia. Cum et consectetur aliquid doloremque ducimus. Et provident consequuntur perspiciatis repellat autem aut eligendi.', 1, 1, '1971-06-03 03:00:38', '1983-05-07 23:21:20');
INSERT INTO `messages` (`id`, `from_user_id`, `to_user_id`, `body`, `is_important`, `is_delivered`, `created_at`, `updated_at`) VALUES (82, 82, 82, 'Et porro qui ut omnis in. Pariatur totam rerum dolorem corporis deserunt ex ipsa. Dolorem sit reprehenderit et voluptas libero harum esse omnis.', 1, 1, '1992-05-28 21:17:23', '1998-03-14 14:09:09');
INSERT INTO `messages` (`id`, `from_user_id`, `to_user_id`, `body`, `is_important`, `is_delivered`, `created_at`, `updated_at`) VALUES (83, 83, 83, 'Ut vel voluptatibus ut sed asperiores facilis qui. Quia numquam ipsa voluptas delectus et aliquam molestiae qui. Placeat tenetur et qui porro non non. Occaecati est corrupti doloremque et quas repudiandae ratione.', 0, 1, '1971-07-29 22:41:56', '1988-10-01 14:03:49');
INSERT INTO `messages` (`id`, `from_user_id`, `to_user_id`, `body`, `is_important`, `is_delivered`, `created_at`, `updated_at`) VALUES (84, 84, 84, 'Vel enim voluptate aspernatur omnis optio tenetur qui. Sunt labore fuga atque reiciendis et quo. Tenetur asperiores quia vel qui ad est. Sed totam voluptas non et et et iusto.', 0, 0, '2008-03-14 06:02:39', '1977-08-09 14:45:55');
INSERT INTO `messages` (`id`, `from_user_id`, `to_user_id`, `body`, `is_important`, `is_delivered`, `created_at`, `updated_at`) VALUES (85, 85, 85, 'Quae quibusdam quia est dolorem similique deleniti repellendus cupiditate. Asperiores quis voluptas voluptas totam ipsam eos. Adipisci necessitatibus veritatis dolor. At ratione est odio rerum numquam ipsa ut.', 1, 1, '1970-06-14 23:58:50', '2009-03-19 09:19:02');
INSERT INTO `messages` (`id`, `from_user_id`, `to_user_id`, `body`, `is_important`, `is_delivered`, `created_at`, `updated_at`) VALUES (86, 86, 86, 'Hic eaque voluptates eum et error qui. Rerum dolor et odio sit ut iure. Et fuga ipsam ipsum qui ut. Sequi qui nobis dignissimos pariatur dicta commodi.', 1, 1, '2011-11-25 21:29:55', '2020-02-23 11:58:01');
INSERT INTO `messages` (`id`, `from_user_id`, `to_user_id`, `body`, `is_important`, `is_delivered`, `created_at`, `updated_at`) VALUES (87, 87, 87, 'Sit quos eligendi dolorum sint blanditiis sapiente sint qui. Voluptatibus quas veniam id molestiae. Qui illo consequuntur voluptatem est et. Molestiae aspernatur facere corrupti aut et omnis odio. Tempora non dolore eaque ab.', 1, 0, '2006-02-10 14:38:26', '1996-07-18 13:04:36');
INSERT INTO `messages` (`id`, `from_user_id`, `to_user_id`, `body`, `is_important`, `is_delivered`, `created_at`, `updated_at`) VALUES (88, 88, 88, 'Qui id sed quia porro voluptatem et. Distinctio provident dolore dignissimos dicta vero. Voluptates et consectetur voluptas ut. Ut ut a et ex molestiae vero.', 0, 0, '1986-12-31 14:53:05', '1971-09-23 02:27:24');
INSERT INTO `messages` (`id`, `from_user_id`, `to_user_id`, `body`, `is_important`, `is_delivered`, `created_at`, `updated_at`) VALUES (89, 89, 89, 'Non officia eos rerum adipisci. Est aut iure totam sunt harum libero non. Soluta est quod aut consequatur laborum nulla. Ratione debitis cumque voluptatem consectetur reiciendis.', 0, 1, '1979-03-12 18:02:10', '2013-04-20 03:08:24');
INSERT INTO `messages` (`id`, `from_user_id`, `to_user_id`, `body`, `is_important`, `is_delivered`, `created_at`, `updated_at`) VALUES (90, 90, 90, 'Assumenda aut aspernatur omnis odit quidem ratione fuga in. Sunt expedita inventore tempora odit alias nam autem. Quod voluptate sed aut sequi ut pariatur dolorum in.', 1, 1, '2019-11-26 09:32:52', '1981-06-04 09:47:52');
INSERT INTO `messages` (`id`, `from_user_id`, `to_user_id`, `body`, `is_important`, `is_delivered`, `created_at`, `updated_at`) VALUES (91, 91, 91, 'Dicta est et quam voluptatem. Quam unde voluptate earum occaecati aut perspiciatis. Sint saepe molestiae rerum doloremque adipisci est omnis voluptatem. Est vel ut illo alias accusantium ut.', 0, 0, '2006-04-21 14:31:32', '1989-01-23 00:04:55');
INSERT INTO `messages` (`id`, `from_user_id`, `to_user_id`, `body`, `is_important`, `is_delivered`, `created_at`, `updated_at`) VALUES (92, 92, 92, 'Exercitationem quia molestiae omnis at. Molestiae dignissimos odio beatae nostrum aut eos. Dignissimos illum qui repellendus sed.', 1, 0, '2014-04-20 03:06:01', '1990-03-09 04:33:40');
INSERT INTO `messages` (`id`, `from_user_id`, `to_user_id`, `body`, `is_important`, `is_delivered`, `created_at`, `updated_at`) VALUES (93, 93, 93, 'Molestiae quasi blanditiis beatae voluptatibus et. Voluptatibus alias nam adipisci ea ducimus eligendi sit quia. Facilis quae occaecati voluptas facere.', 0, 1, '1990-07-06 06:57:45', '1982-12-22 15:18:41');
INSERT INTO `messages` (`id`, `from_user_id`, `to_user_id`, `body`, `is_important`, `is_delivered`, `created_at`, `updated_at`) VALUES (94, 94, 94, 'Earum enim voluptatum et quia dolorum provident cumque. Quidem illo quo provident temporibus earum eveniet. Iste itaque enim sint autem et. Fugiat ut aut et qui voluptatem ut.', 1, 0, '2007-11-18 09:03:14', '2003-07-23 12:53:13');
INSERT INTO `messages` (`id`, `from_user_id`, `to_user_id`, `body`, `is_important`, `is_delivered`, `created_at`, `updated_at`) VALUES (95, 95, 95, 'Nihil maxime ab dolorum autem. Aperiam et aliquid doloribus sunt sapiente.', 1, 1, '1984-01-13 08:12:26', '1996-08-31 14:25:19');
INSERT INTO `messages` (`id`, `from_user_id`, `to_user_id`, `body`, `is_important`, `is_delivered`, `created_at`, `updated_at`) VALUES (96, 96, 96, 'Vel dolores nemo id est. Sed voluptatem magni quia saepe possimus vel tenetur. Et molestias velit ipsum voluptatum inventore et.', 1, 1, '2008-03-07 18:19:22', '1987-03-24 10:11:18');
INSERT INTO `messages` (`id`, `from_user_id`, `to_user_id`, `body`, `is_important`, `is_delivered`, `created_at`, `updated_at`) VALUES (97, 97, 97, 'Et veniam enim corrupti ullam. Perspiciatis at sit illum dolore aut esse. Voluptatibus laudantium autem ut dolores. Ea asperiores sint sequi velit explicabo dicta.', 0, 0, '1983-02-17 09:16:13', '2002-06-24 12:32:30');
INSERT INTO `messages` (`id`, `from_user_id`, `to_user_id`, `body`, `is_important`, `is_delivered`, `created_at`, `updated_at`) VALUES (98, 98, 98, 'Consequatur consequatur et tenetur est. Soluta voluptatibus praesentium et maiores. Neque incidunt itaque sapiente harum dolor. Officiis sit quo autem sed sunt. Nesciunt culpa rerum qui est pariatur provident qui.', 1, 1, '1980-10-16 20:56:45', '1982-10-01 13:11:53');
INSERT INTO `messages` (`id`, `from_user_id`, `to_user_id`, `body`, `is_important`, `is_delivered`, `created_at`, `updated_at`) VALUES (99, 99, 99, 'Aliquid nostrum sint et sed consequatur perspiciatis odit. Ut sunt id deserunt molestiae autem ex sit. Itaque velit velit autem officiis. Nesciunt nisi ab ullam dicta.', 1, 0, '2001-03-20 06:59:14', '1982-02-10 11:46:42');
INSERT INTO `messages` (`id`, `from_user_id`, `to_user_id`, `body`, `is_important`, `is_delivered`, `created_at`, `updated_at`) VALUES (100, 100, 100, 'Harum cumque consequatur quia sit earum aspernatur repellendus. Ad in quos praesentium voluptatem in nobis non. Reprehenderit earum quam exercitationem aliquid vel.', 1, 0, '1988-11-18 18:27:09', '2000-05-11 22:31:13');

INSERT INTO `media_types` (`id`, `name`, `created_at`, `updated_at`) VALUES (1, 'consequuntur', '1993-02-25 03:52:48', '2005-11-13 11:41:41');
INSERT INTO `media_types` (`id`, `name`, `created_at`, `updated_at`) VALUES (2, 'reprehenderit', '1980-05-14 19:38:57', '1994-07-21 12:10:58');
INSERT INTO `media_types` (`id`, `name`, `created_at`, `updated_at`) VALUES (3, 'nisi', '2009-05-29 03:06:02', '1996-07-06 08:44:17');
INSERT INTO `media_types` (`id`, `name`, `created_at`, `updated_at`) VALUES (4, 'aspernatur', '1992-08-11 13:21:52', '1984-08-31 13:39:06');
INSERT INTO `media_types` (`id`, `name`, `created_at`, `updated_at`) VALUES (5, 'dolores', '1999-12-24 03:25:40', '1986-11-01 11:54:17');

INSERT INTO `friendship_request_types` (`id`, `name`, `created_at`, `updated_at`) VALUES (1, 'velit', '2007-01-08 19:03:42', '2014-03-31 18:00:14');
INSERT INTO `friendship_request_types` (`id`, `name`, `created_at`, `updated_at`) VALUES (2, 'nam', '2017-01-18 05:40:27', '1982-07-11 02:02:57');
INSERT INTO `friendship_request_types` (`id`, `name`, `created_at`, `updated_at`) VALUES (3, 'tempore', '2015-12-07 08:45:30', '1996-09-10 18:35:33');

INSERT INTO `friendship` (`user_id`, `friend_id`, `requested_at`, `confirned_at`, `created_at`, `updated_at`, `request_type_id`) VALUES (1, 1, '2000-01-08 09:18:47', '1988-08-01 12:14:47', '1970-10-14 14:07:10', '2011-08-24 08:24:46', 1);
INSERT INTO `friendship` (`user_id`, `friend_id`, `requested_at`, `confirned_at`, `created_at`, `updated_at`, `request_type_id`) VALUES (2, 2, '1990-05-24 21:44:40', '2001-04-12 03:28:15', '2012-05-02 04:22:06', '2000-09-30 11:18:54', 2);
INSERT INTO `friendship` (`user_id`, `friend_id`, `requested_at`, `confirned_at`, `created_at`, `updated_at`, `request_type_id`) VALUES (3, 3, '2020-03-13 13:02:20', '2020-03-17 18:01:35', '2001-11-06 21:15:03', '1996-08-03 05:37:01', 3);
INSERT INTO `friendship` (`user_id`, `friend_id`, `requested_at`, `confirned_at`, `created_at`, `updated_at`, `request_type_id`) VALUES (4, 4, '1982-09-04 15:12:36', '1992-07-08 15:43:05', '2017-01-23 05:14:09', '1985-03-20 17:10:54', 1);
INSERT INTO `friendship` (`user_id`, `friend_id`, `requested_at`, `confirned_at`, `created_at`, `updated_at`, `request_type_id`) VALUES (5, 5, '1999-10-05 21:23:39', '1990-04-25 16:46:12', '1975-10-12 18:29:07', '1992-05-29 09:52:51', 2);
INSERT INTO `friendship` (`user_id`, `friend_id`, `requested_at`, `confirned_at`, `created_at`, `updated_at`, `request_type_id`) VALUES (6, 6, '1976-06-08 10:16:50', '1980-05-27 06:44:45', '1985-02-14 22:08:45', '2010-03-02 11:30:53', 3);
INSERT INTO `friendship` (`user_id`, `friend_id`, `requested_at`, `confirned_at`, `created_at`, `updated_at`, `request_type_id`) VALUES (7, 7, '1996-02-02 05:07:40', '1996-10-08 15:50:53', '1988-08-23 07:18:49', '2001-03-04 21:08:49', 1);
INSERT INTO `friendship` (`user_id`, `friend_id`, `requested_at`, `confirned_at`, `created_at`, `updated_at`, `request_type_id`) VALUES (8, 8, '1972-06-12 01:23:12', '2010-01-18 10:20:30', '2014-01-09 05:16:26', '1983-12-02 20:26:18', 2);
INSERT INTO `friendship` (`user_id`, `friend_id`, `requested_at`, `confirned_at`, `created_at`, `updated_at`, `request_type_id`) VALUES (9, 9, '1977-10-05 13:39:06', '1996-08-23 09:24:20', '2018-05-07 17:54:48', '2018-09-29 10:31:13', 3);
INSERT INTO `friendship` (`user_id`, `friend_id`, `requested_at`, `confirned_at`, `created_at`, `updated_at`, `request_type_id`) VALUES (10, 10, '1992-03-27 07:15:03', '1983-11-15 07:53:12', '1974-06-08 12:36:57', '1987-01-15 16:51:23', 1);
INSERT INTO `friendship` (`user_id`, `friend_id`, `requested_at`, `confirned_at`, `created_at`, `updated_at`, `request_type_id`) VALUES (11, 11, '1996-10-05 16:54:23', '2004-02-22 16:41:38', '1995-08-04 16:15:51', '2008-11-19 19:32:20', 2);
INSERT INTO `friendship` (`user_id`, `friend_id`, `requested_at`, `confirned_at`, `created_at`, `updated_at`, `request_type_id`) VALUES (12, 12, '2014-02-16 13:26:30', '1970-05-23 18:59:45', '1985-01-21 08:23:09', '1992-10-28 19:39:28', 3);
INSERT INTO `friendship` (`user_id`, `friend_id`, `requested_at`, `confirned_at`, `created_at`, `updated_at`, `request_type_id`) VALUES (13, 13, '1996-04-19 11:35:24', '1982-03-07 07:27:16', '1973-09-01 05:43:05', '2015-09-17 01:24:27', 1);
INSERT INTO `friendship` (`user_id`, `friend_id`, `requested_at`, `confirned_at`, `created_at`, `updated_at`, `request_type_id`) VALUES (14, 14, '1989-07-27 14:51:54', '1972-09-16 21:17:19', '2005-04-03 00:06:19', '2018-03-14 19:10:19', 2);
INSERT INTO `friendship` (`user_id`, `friend_id`, `requested_at`, `confirned_at`, `created_at`, `updated_at`, `request_type_id`) VALUES (15, 15, '2008-12-09 00:56:30', '1999-09-28 20:45:13', '1974-05-03 07:54:04', '1989-03-26 03:19:24', 3);
INSERT INTO `friendship` (`user_id`, `friend_id`, `requested_at`, `confirned_at`, `created_at`, `updated_at`, `request_type_id`) VALUES (16, 16, '1993-06-06 23:18:15', '2018-07-31 10:09:31', '1976-02-21 12:20:41', '2020-08-17 08:09:59', 1);
INSERT INTO `friendship` (`user_id`, `friend_id`, `requested_at`, `confirned_at`, `created_at`, `updated_at`, `request_type_id`) VALUES (17, 17, '2004-07-19 09:34:39', '1981-05-12 14:10:59', '1977-02-22 02:46:59', '1976-03-03 08:46:08', 2);
INSERT INTO `friendship` (`user_id`, `friend_id`, `requested_at`, `confirned_at`, `created_at`, `updated_at`, `request_type_id`) VALUES (18, 18, '1998-11-20 23:49:38', '1973-01-26 00:53:01', '2013-12-20 21:34:11', '1976-01-26 18:04:40', 3);
INSERT INTO `friendship` (`user_id`, `friend_id`, `requested_at`, `confirned_at`, `created_at`, `updated_at`, `request_type_id`) VALUES (19, 19, '1985-03-30 07:48:45', '1978-08-26 18:29:46', '2007-11-06 09:28:36', '2003-01-07 14:47:05', 1);
INSERT INTO `friendship` (`user_id`, `friend_id`, `requested_at`, `confirned_at`, `created_at`, `updated_at`, `request_type_id`) VALUES (20, 20, '1972-11-11 12:35:34', '1996-08-19 17:24:22', '1990-07-05 22:24:49', '1994-02-14 03:11:52', 2);
INSERT INTO `friendship` (`user_id`, `friend_id`, `requested_at`, `confirned_at`, `created_at`, `updated_at`, `request_type_id`) VALUES (21, 21, '2003-11-10 06:40:39', '1981-02-21 18:50:41', '1984-07-02 21:32:34', '1985-03-30 04:21:29', 3);
INSERT INTO `friendship` (`user_id`, `friend_id`, `requested_at`, `confirned_at`, `created_at`, `updated_at`, `request_type_id`) VALUES (22, 22, '2015-02-13 01:05:35', '1973-11-20 13:37:39', '1999-02-16 20:12:50', '1979-05-08 02:24:50', 1);
INSERT INTO `friendship` (`user_id`, `friend_id`, `requested_at`, `confirned_at`, `created_at`, `updated_at`, `request_type_id`) VALUES (23, 23, '2002-09-08 22:06:02', '1990-12-19 16:37:20', '1989-05-27 05:10:53', '1976-12-25 14:57:23', 2);
INSERT INTO `friendship` (`user_id`, `friend_id`, `requested_at`, `confirned_at`, `created_at`, `updated_at`, `request_type_id`) VALUES (24, 24, '2008-03-22 04:57:33', '1977-09-10 08:03:04', '1995-03-27 10:27:35', '1995-01-21 08:03:45', 3);
INSERT INTO `friendship` (`user_id`, `friend_id`, `requested_at`, `confirned_at`, `created_at`, `updated_at`, `request_type_id`) VALUES (25, 25, '1975-03-03 13:22:37', '1994-10-11 21:34:28', '1985-06-08 17:50:28', '2013-06-02 22:28:31', 1);
INSERT INTO `friendship` (`user_id`, `friend_id`, `requested_at`, `confirned_at`, `created_at`, `updated_at`, `request_type_id`) VALUES (26, 26, '2004-02-01 01:13:46', '1976-12-26 00:42:06', '1983-01-18 14:40:20', '1986-08-05 22:00:44', 2);
INSERT INTO `friendship` (`user_id`, `friend_id`, `requested_at`, `confirned_at`, `created_at`, `updated_at`, `request_type_id`) VALUES (27, 27, '1982-08-25 22:36:50', '2016-04-14 01:50:37', '2007-08-29 16:34:45', '2002-01-28 20:37:41', 3);
INSERT INTO `friendship` (`user_id`, `friend_id`, `requested_at`, `confirned_at`, `created_at`, `updated_at`, `request_type_id`) VALUES (28, 28, '1973-06-03 06:44:21', '1980-10-26 17:49:39', '2007-01-30 06:08:32', '1972-10-22 17:00:10', 1);
INSERT INTO `friendship` (`user_id`, `friend_id`, `requested_at`, `confirned_at`, `created_at`, `updated_at`, `request_type_id`) VALUES (29, 29, '1997-05-11 09:54:03', '1999-06-12 02:33:38', '1974-07-16 07:46:58', '2018-05-11 04:06:13', 2);
INSERT INTO `friendship` (`user_id`, `friend_id`, `requested_at`, `confirned_at`, `created_at`, `updated_at`, `request_type_id`) VALUES (30, 30, '1981-02-23 17:14:04', '1971-12-15 14:46:41', '2019-05-12 22:53:33', '1983-09-27 21:29:21', 3);
INSERT INTO `friendship` (`user_id`, `friend_id`, `requested_at`, `confirned_at`, `created_at`, `updated_at`, `request_type_id`) VALUES (31, 31, '1989-01-04 20:53:56', '2017-04-30 04:57:49', '1986-03-21 08:19:17', '1987-02-09 17:32:05', 1);
INSERT INTO `friendship` (`user_id`, `friend_id`, `requested_at`, `confirned_at`, `created_at`, `updated_at`, `request_type_id`) VALUES (32, 32, '1990-07-08 08:39:27', '2002-07-26 21:24:19', '2010-06-29 17:18:05', '1976-07-12 11:25:24', 2);
INSERT INTO `friendship` (`user_id`, `friend_id`, `requested_at`, `confirned_at`, `created_at`, `updated_at`, `request_type_id`) VALUES (33, 33, '1974-09-11 08:17:55', '1981-03-04 22:41:21', '1986-03-25 16:28:18', '1994-08-22 23:05:12', 3);
INSERT INTO `friendship` (`user_id`, `friend_id`, `requested_at`, `confirned_at`, `created_at`, `updated_at`, `request_type_id`) VALUES (34, 34, '2001-04-17 08:30:57', '1980-08-19 21:40:51', '1996-08-24 06:41:05', '1983-06-02 05:55:13', 1);
INSERT INTO `friendship` (`user_id`, `friend_id`, `requested_at`, `confirned_at`, `created_at`, `updated_at`, `request_type_id`) VALUES (35, 35, '1970-03-06 10:09:44', '1993-05-11 14:21:03', '1997-01-30 20:39:12', '1985-06-12 06:42:40', 2);
INSERT INTO `friendship` (`user_id`, `friend_id`, `requested_at`, `confirned_at`, `created_at`, `updated_at`, `request_type_id`) VALUES (36, 36, '1972-10-02 04:38:49', '1985-09-29 22:25:43', '1970-02-05 17:25:47', '2010-09-11 16:46:33', 3);
INSERT INTO `friendship` (`user_id`, `friend_id`, `requested_at`, `confirned_at`, `created_at`, `updated_at`, `request_type_id`) VALUES (37, 37, '2005-10-21 17:07:49', '2000-03-02 06:01:18', '1988-03-03 08:08:05', '1977-04-16 16:04:29', 1);
INSERT INTO `friendship` (`user_id`, `friend_id`, `requested_at`, `confirned_at`, `created_at`, `updated_at`, `request_type_id`) VALUES (38, 38, '2019-05-12 03:47:25', '1989-01-08 07:06:55', '2014-08-10 02:41:59', '2016-04-25 05:27:00', 2);
INSERT INTO `friendship` (`user_id`, `friend_id`, `requested_at`, `confirned_at`, `created_at`, `updated_at`, `request_type_id`) VALUES (39, 39, '1971-04-23 21:39:16', '2003-01-30 05:48:21', '2014-12-31 06:55:55', '2007-02-24 04:15:37', 3);
INSERT INTO `friendship` (`user_id`, `friend_id`, `requested_at`, `confirned_at`, `created_at`, `updated_at`, `request_type_id`) VALUES (40, 40, '2019-03-22 02:47:32', '2002-07-15 23:15:50', '1985-05-15 22:03:13', '1984-10-14 07:39:34', 1);
INSERT INTO `friendship` (`user_id`, `friend_id`, `requested_at`, `confirned_at`, `created_at`, `updated_at`, `request_type_id`) VALUES (41, 41, '2020-06-21 18:26:32', '1976-12-09 21:35:26', '2007-10-26 13:45:10', '1990-02-22 10:48:54', 2);
INSERT INTO `friendship` (`user_id`, `friend_id`, `requested_at`, `confirned_at`, `created_at`, `updated_at`, `request_type_id`) VALUES (42, 42, '1971-06-09 07:52:11', '2020-08-13 08:30:42', '1978-11-12 14:40:03', '2019-08-02 16:39:37', 3);
INSERT INTO `friendship` (`user_id`, `friend_id`, `requested_at`, `confirned_at`, `created_at`, `updated_at`, `request_type_id`) VALUES (43, 43, '1992-06-04 18:50:56', '1992-11-30 17:39:38', '1992-02-14 03:45:06', '2006-08-20 19:18:46', 1);
INSERT INTO `friendship` (`user_id`, `friend_id`, `requested_at`, `confirned_at`, `created_at`, `updated_at`, `request_type_id`) VALUES (44, 44, '2007-11-10 11:06:03', '2018-03-25 19:47:56', '2011-12-11 12:32:27', '1973-05-20 17:12:35', 2);
INSERT INTO `friendship` (`user_id`, `friend_id`, `requested_at`, `confirned_at`, `created_at`, `updated_at`, `request_type_id`) VALUES (45, 45, '1995-07-08 00:21:35', '2018-02-16 17:21:10', '2015-05-21 00:47:59', '1983-06-22 16:03:43', 3);
INSERT INTO `friendship` (`user_id`, `friend_id`, `requested_at`, `confirned_at`, `created_at`, `updated_at`, `request_type_id`) VALUES (46, 46, '1990-06-14 03:10:07', '1974-12-16 18:11:12', '2019-08-07 06:35:03', '1978-11-01 15:51:26', 1);
INSERT INTO `friendship` (`user_id`, `friend_id`, `requested_at`, `confirned_at`, `created_at`, `updated_at`, `request_type_id`) VALUES (47, 47, '1972-03-28 16:47:27', '1985-02-16 08:14:27', '1974-08-02 11:29:07', '1990-05-07 19:43:15', 2);
INSERT INTO `friendship` (`user_id`, `friend_id`, `requested_at`, `confirned_at`, `created_at`, `updated_at`, `request_type_id`) VALUES (48, 48, '1999-07-06 12:13:46', '1976-02-21 19:10:55', '1973-02-28 02:17:12', '2001-09-08 10:40:23', 3);
INSERT INTO `friendship` (`user_id`, `friend_id`, `requested_at`, `confirned_at`, `created_at`, `updated_at`, `request_type_id`) VALUES (49, 49, '1990-09-19 09:55:51', '1983-05-07 09:44:27', '2009-08-31 02:37:00', '1974-11-02 02:24:58', 1);
INSERT INTO `friendship` (`user_id`, `friend_id`, `requested_at`, `confirned_at`, `created_at`, `updated_at`, `request_type_id`) VALUES (50, 50, '2016-12-11 10:06:05', '1995-10-25 05:09:33', '1987-01-24 17:22:01', '2012-12-01 21:21:54', 2);
INSERT INTO `friendship` (`user_id`, `friend_id`, `requested_at`, `confirned_at`, `created_at`, `updated_at`, `request_type_id`) VALUES (51, 51, '1986-01-24 00:08:04', '2009-07-10 04:21:25', '1976-10-05 12:36:55', '2015-12-01 23:51:43', 3);
INSERT INTO `friendship` (`user_id`, `friend_id`, `requested_at`, `confirned_at`, `created_at`, `updated_at`, `request_type_id`) VALUES (52, 52, '1998-08-23 18:33:17', '1992-10-28 22:23:04', '2003-11-29 14:16:51', '1993-06-01 16:57:39', 1);
INSERT INTO `friendship` (`user_id`, `friend_id`, `requested_at`, `confirned_at`, `created_at`, `updated_at`, `request_type_id`) VALUES (53, 53, '2005-04-22 12:39:02', '1991-06-24 12:11:47', '1986-05-16 12:20:32', '1997-09-29 10:06:14', 2);
INSERT INTO `friendship` (`user_id`, `friend_id`, `requested_at`, `confirned_at`, `created_at`, `updated_at`, `request_type_id`) VALUES (54, 54, '1980-02-20 05:41:54', '1984-11-22 09:27:35', '2020-01-03 04:23:41', '2014-05-25 11:45:19', 3);
INSERT INTO `friendship` (`user_id`, `friend_id`, `requested_at`, `confirned_at`, `created_at`, `updated_at`, `request_type_id`) VALUES (55, 55, '2008-06-30 22:36:22', '2001-08-16 01:50:02', '2019-01-16 09:50:13', '1976-10-20 17:32:18', 1);
INSERT INTO `friendship` (`user_id`, `friend_id`, `requested_at`, `confirned_at`, `created_at`, `updated_at`, `request_type_id`) VALUES (56, 56, '1993-11-26 20:05:58', '2019-09-30 19:02:22', '2018-01-30 07:53:26', '2003-08-02 03:10:28', 2);
INSERT INTO `friendship` (`user_id`, `friend_id`, `requested_at`, `confirned_at`, `created_at`, `updated_at`, `request_type_id`) VALUES (57, 57, '1989-02-04 01:03:39', '1985-10-19 05:41:45', '2010-03-14 04:21:34', '1976-06-14 23:54:04', 3);
INSERT INTO `friendship` (`user_id`, `friend_id`, `requested_at`, `confirned_at`, `created_at`, `updated_at`, `request_type_id`) VALUES (58, 58, '1971-01-29 18:02:27', '2016-04-13 18:02:06', '1994-09-21 10:46:25', '1998-02-25 20:12:37', 1);
INSERT INTO `friendship` (`user_id`, `friend_id`, `requested_at`, `confirned_at`, `created_at`, `updated_at`, `request_type_id`) VALUES (59, 59, '1977-07-07 09:32:25', '2018-02-26 11:17:52', '2010-03-09 22:33:26', '2013-09-22 09:22:09', 2);
INSERT INTO `friendship` (`user_id`, `friend_id`, `requested_at`, `confirned_at`, `created_at`, `updated_at`, `request_type_id`) VALUES (60, 60, '1978-12-10 11:31:29', '2016-03-16 09:21:00', '1988-09-28 06:17:39', '2005-01-18 14:48:01', 3);
INSERT INTO `friendship` (`user_id`, `friend_id`, `requested_at`, `confirned_at`, `created_at`, `updated_at`, `request_type_id`) VALUES (61, 61, '1985-05-31 22:44:14', '1971-06-15 03:26:01', '1979-05-21 20:09:08', '2004-06-27 16:01:19', 1);
INSERT INTO `friendship` (`user_id`, `friend_id`, `requested_at`, `confirned_at`, `created_at`, `updated_at`, `request_type_id`) VALUES (62, 62, '1979-08-03 23:15:25', '1975-12-14 06:50:51', '1984-09-11 08:54:28', '2005-04-30 19:25:38', 2);
INSERT INTO `friendship` (`user_id`, `friend_id`, `requested_at`, `confirned_at`, `created_at`, `updated_at`, `request_type_id`) VALUES (63, 63, '1996-09-09 11:09:09', '2015-08-04 21:37:26', '2006-06-07 06:52:18', '1992-08-29 06:39:55', 3);
INSERT INTO `friendship` (`user_id`, `friend_id`, `requested_at`, `confirned_at`, `created_at`, `updated_at`, `request_type_id`) VALUES (64, 64, '2010-12-14 15:56:52', '2014-09-01 07:36:14', '1980-08-20 17:12:23', '1971-05-26 07:47:53', 1);
INSERT INTO `friendship` (`user_id`, `friend_id`, `requested_at`, `confirned_at`, `created_at`, `updated_at`, `request_type_id`) VALUES (65, 65, '2006-07-15 15:41:52', '1983-02-28 11:17:25', '2021-07-07 01:50:45', '2016-06-03 07:07:05', 2);
INSERT INTO `friendship` (`user_id`, `friend_id`, `requested_at`, `confirned_at`, `created_at`, `updated_at`, `request_type_id`) VALUES (66, 66, '1987-02-22 02:50:08', '2009-10-08 02:35:07', '1985-02-04 17:37:50', '1991-11-30 03:17:19', 3);
INSERT INTO `friendship` (`user_id`, `friend_id`, `requested_at`, `confirned_at`, `created_at`, `updated_at`, `request_type_id`) VALUES (67, 67, '1994-08-12 22:32:33', '1985-04-04 08:33:14', '2011-11-11 14:59:03', '1988-06-08 12:13:41', 1);
INSERT INTO `friendship` (`user_id`, `friend_id`, `requested_at`, `confirned_at`, `created_at`, `updated_at`, `request_type_id`) VALUES (68, 68, '1986-06-20 20:29:10', '1979-01-02 05:27:40', '1978-04-07 00:10:16', '1971-01-22 10:36:37', 2);
INSERT INTO `friendship` (`user_id`, `friend_id`, `requested_at`, `confirned_at`, `created_at`, `updated_at`, `request_type_id`) VALUES (69, 69, '2002-10-23 23:07:36', '1977-03-31 11:39:28', '2003-10-08 14:51:06', '2013-09-06 22:24:04', 3);
INSERT INTO `friendship` (`user_id`, `friend_id`, `requested_at`, `confirned_at`, `created_at`, `updated_at`, `request_type_id`) VALUES (70, 70, '2000-01-09 05:40:47', '1987-02-25 18:22:36', '1994-11-04 13:35:14', '1974-10-08 14:03:23', 1);
INSERT INTO `friendship` (`user_id`, `friend_id`, `requested_at`, `confirned_at`, `created_at`, `updated_at`, `request_type_id`) VALUES (71, 71, '1988-12-02 05:40:11', '1979-11-09 12:11:33', '1985-06-24 05:49:09', '2002-09-15 05:23:03', 2);
INSERT INTO `friendship` (`user_id`, `friend_id`, `requested_at`, `confirned_at`, `created_at`, `updated_at`, `request_type_id`) VALUES (72, 72, '1976-08-12 07:27:26', '2004-08-12 20:03:02', '2002-12-02 21:27:04', '1980-08-27 12:51:51', 3);
INSERT INTO `friendship` (`user_id`, `friend_id`, `requested_at`, `confirned_at`, `created_at`, `updated_at`, `request_type_id`) VALUES (73, 73, '1979-09-11 02:49:28', '1993-02-12 02:45:52', '2011-07-12 19:53:58', '1992-09-15 22:54:23', 1);
INSERT INTO `friendship` (`user_id`, `friend_id`, `requested_at`, `confirned_at`, `created_at`, `updated_at`, `request_type_id`) VALUES (74, 74, '1995-11-09 05:40:59', '2006-01-25 00:33:29', '2001-12-18 06:27:41', '2015-11-20 03:04:10', 2);
INSERT INTO `friendship` (`user_id`, `friend_id`, `requested_at`, `confirned_at`, `created_at`, `updated_at`, `request_type_id`) VALUES (75, 75, '1974-02-23 19:57:08', '1970-07-25 22:29:46', '1976-10-11 03:54:19', '1981-09-13 04:15:59', 3);
INSERT INTO `friendship` (`user_id`, `friend_id`, `requested_at`, `confirned_at`, `created_at`, `updated_at`, `request_type_id`) VALUES (76, 76, '1979-08-04 10:05:54', '2008-09-11 02:11:51', '2013-03-27 02:27:19', '2003-03-07 10:39:20', 1);
INSERT INTO `friendship` (`user_id`, `friend_id`, `requested_at`, `confirned_at`, `created_at`, `updated_at`, `request_type_id`) VALUES (77, 77, '2017-03-14 04:41:34', '1991-07-11 16:17:32', '1973-03-17 21:22:25', '1999-05-22 01:24:37', 2);
INSERT INTO `friendship` (`user_id`, `friend_id`, `requested_at`, `confirned_at`, `created_at`, `updated_at`, `request_type_id`) VALUES (78, 78, '2000-02-02 22:42:53', '1999-10-16 03:50:48', '2009-12-04 15:31:12', '1976-01-21 04:27:43', 3);
INSERT INTO `friendship` (`user_id`, `friend_id`, `requested_at`, `confirned_at`, `created_at`, `updated_at`, `request_type_id`) VALUES (79, 79, '2000-01-23 13:02:02', '1984-04-23 06:06:03', '2019-08-29 02:15:15', '1971-09-21 20:14:10', 1);
INSERT INTO `friendship` (`user_id`, `friend_id`, `requested_at`, `confirned_at`, `created_at`, `updated_at`, `request_type_id`) VALUES (80, 80, '2001-11-29 09:46:55', '1980-03-30 02:20:44', '2017-08-17 22:11:43', '2003-05-06 03:04:52', 2);
INSERT INTO `friendship` (`user_id`, `friend_id`, `requested_at`, `confirned_at`, `created_at`, `updated_at`, `request_type_id`) VALUES (81, 81, '1995-08-05 09:33:24', '2018-09-20 19:29:31', '1972-02-20 01:12:58', '1977-03-19 18:36:10', 3);
INSERT INTO `friendship` (`user_id`, `friend_id`, `requested_at`, `confirned_at`, `created_at`, `updated_at`, `request_type_id`) VALUES (82, 82, '1974-08-15 04:31:22', '2005-09-08 16:20:49', '1980-01-25 18:38:03', '2019-07-02 06:16:09', 1);
INSERT INTO `friendship` (`user_id`, `friend_id`, `requested_at`, `confirned_at`, `created_at`, `updated_at`, `request_type_id`) VALUES (83, 83, '1996-06-25 13:50:26', '2015-10-23 05:19:08', '2002-01-03 08:01:39', '2002-11-28 18:28:27', 2);
INSERT INTO `friendship` (`user_id`, `friend_id`, `requested_at`, `confirned_at`, `created_at`, `updated_at`, `request_type_id`) VALUES (84, 84, '2004-02-16 20:18:13', '2001-06-03 05:25:32', '2020-10-06 10:16:36', '2008-08-25 06:09:35', 3);
INSERT INTO `friendship` (`user_id`, `friend_id`, `requested_at`, `confirned_at`, `created_at`, `updated_at`, `request_type_id`) VALUES (85, 85, '1999-06-03 00:29:47', '1971-12-04 09:57:38', '1991-04-29 09:46:43', '1997-01-05 13:49:14', 1);
INSERT INTO `friendship` (`user_id`, `friend_id`, `requested_at`, `confirned_at`, `created_at`, `updated_at`, `request_type_id`) VALUES (86, 86, '2014-05-31 10:41:19', '1973-01-17 09:31:57', '1995-08-22 15:30:20', '2011-10-28 03:17:37', 2);
INSERT INTO `friendship` (`user_id`, `friend_id`, `requested_at`, `confirned_at`, `created_at`, `updated_at`, `request_type_id`) VALUES (87, 87, '1980-05-25 11:09:53', '1999-03-07 11:28:13', '2010-11-16 21:15:12', '1993-04-25 00:56:29', 3);
INSERT INTO `friendship` (`user_id`, `friend_id`, `requested_at`, `confirned_at`, `created_at`, `updated_at`, `request_type_id`) VALUES (88, 88, '1981-10-08 18:06:14', '2015-10-08 17:26:40', '1989-11-03 16:21:21', '1991-07-23 03:30:49', 1);
INSERT INTO `friendship` (`user_id`, `friend_id`, `requested_at`, `confirned_at`, `created_at`, `updated_at`, `request_type_id`) VALUES (89, 89, '2010-10-12 02:46:59', '2014-04-22 12:20:50', '1999-06-04 15:34:40', '2005-04-25 07:51:41', 2);
INSERT INTO `friendship` (`user_id`, `friend_id`, `requested_at`, `confirned_at`, `created_at`, `updated_at`, `request_type_id`) VALUES (90, 90, '1998-06-09 06:44:18', '2014-05-04 19:49:01', '1980-11-02 19:58:32', '2000-06-23 19:42:04', 3);
INSERT INTO `friendship` (`user_id`, `friend_id`, `requested_at`, `confirned_at`, `created_at`, `updated_at`, `request_type_id`) VALUES (91, 91, '1996-08-01 10:19:43', '2002-08-10 02:35:00', '1990-06-25 19:54:44', '1991-07-08 22:41:45', 1);
INSERT INTO `friendship` (`user_id`, `friend_id`, `requested_at`, `confirned_at`, `created_at`, `updated_at`, `request_type_id`) VALUES (92, 92, '1979-10-17 06:43:06', '1994-03-16 13:54:49', '1979-02-13 11:52:44', '1977-09-23 02:12:18', 2);
INSERT INTO `friendship` (`user_id`, `friend_id`, `requested_at`, `confirned_at`, `created_at`, `updated_at`, `request_type_id`) VALUES (93, 93, '1970-12-20 15:50:36', '2021-06-17 19:49:14', '2008-06-29 15:53:22', '2001-03-16 07:56:35', 3);
INSERT INTO `friendship` (`user_id`, `friend_id`, `requested_at`, `confirned_at`, `created_at`, `updated_at`, `request_type_id`) VALUES (94, 94, '2006-01-12 00:44:28', '2009-09-05 10:21:35', '2000-10-12 10:50:17', '2016-07-07 02:31:10', 1);
INSERT INTO `friendship` (`user_id`, `friend_id`, `requested_at`, `confirned_at`, `created_at`, `updated_at`, `request_type_id`) VALUES (95, 95, '2009-11-19 07:35:16', '2021-09-27 15:03:27', '2001-01-03 21:48:35', '1972-12-11 01:10:23', 2);
INSERT INTO `friendship` (`user_id`, `friend_id`, `requested_at`, `confirned_at`, `created_at`, `updated_at`, `request_type_id`) VALUES (96, 96, '2010-07-22 15:06:04', '1990-05-27 04:18:05', '1982-07-13 20:52:07', '2009-11-23 13:11:49', 3);
INSERT INTO `friendship` (`user_id`, `friend_id`, `requested_at`, `confirned_at`, `created_at`, `updated_at`, `request_type_id`) VALUES (97, 97, '2016-03-20 05:11:17', '2004-06-10 19:52:56', '1991-04-03 21:10:33', '2000-08-25 19:49:18', 1);
INSERT INTO `friendship` (`user_id`, `friend_id`, `requested_at`, `confirned_at`, `created_at`, `updated_at`, `request_type_id`) VALUES (98, 98, '1975-08-17 15:17:33', '1978-10-28 18:24:12', '2001-05-24 04:46:51', '2008-07-13 14:57:27', 2);
INSERT INTO `friendship` (`user_id`, `friend_id`, `requested_at`, `confirned_at`, `created_at`, `updated_at`, `request_type_id`) VALUES (99, 99, '1975-09-16 06:02:55', '1998-07-03 05:58:02', '1998-07-27 06:35:00', '2015-09-12 14:34:01', 3);
INSERT INTO `friendship` (`user_id`, `friend_id`, `requested_at`, `confirned_at`, `created_at`, `updated_at`, `request_type_id`) VALUES (100, 100, '2001-09-29 17:32:27', '1991-05-03 18:18:52', '1978-08-20 13:55:48', '1977-09-25 13:58:06', 1);

INSERT INTO `communities` (`id`, `name`, `created_at`, `updated_at`) VALUES (1, 'officiis', '2014-04-29 13:02:58', '2015-05-06 18:39:25');
INSERT INTO `communities` (`id`, `name`, `created_at`, `updated_at`) VALUES (2, 'officia', '1982-01-20 05:58:17', '1993-03-06 04:27:57');
INSERT INTO `communities` (`id`, `name`, `created_at`, `updated_at`) VALUES (3, 'soluta', '2007-09-03 10:59:08', '2017-06-24 02:06:33');
INSERT INTO `communities` (`id`, `name`, `created_at`, `updated_at`) VALUES (4, 'atque', '1982-01-27 14:09:37', '2019-06-13 10:01:51');
INSERT INTO `communities` (`id`, `name`, `created_at`, `updated_at`) VALUES (5, 'facere', '2020-12-05 14:45:16', '2011-04-28 21:03:37');
INSERT INTO `communities` (`id`, `name`, `created_at`, `updated_at`) VALUES (6, 'commodi', '1977-05-05 20:25:33', '1996-11-28 11:40:55');
INSERT INTO `communities` (`id`, `name`, `created_at`, `updated_at`) VALUES (7, 'ipsum', '2008-11-02 03:59:43', '1993-04-12 03:43:48');
INSERT INTO `communities` (`id`, `name`, `created_at`, `updated_at`) VALUES (8, 'suscipit', '2006-06-29 15:16:49', '2005-08-19 21:01:45');
INSERT INTO `communities` (`id`, `name`, `created_at`, `updated_at`) VALUES (9, 'alias', '2002-07-06 16:37:37', '1995-07-08 14:14:18');
INSERT INTO `communities` (`id`, `name`, `created_at`, `updated_at`) VALUES (10, 'debitis', '1985-08-29 17:19:29', '1984-11-02 01:57:36');
INSERT INTO `communities` (`id`, `name`, `created_at`, `updated_at`) VALUES (11, 'aliquam', '2013-05-15 13:15:11', '2005-07-03 18:40:12');
INSERT INTO `communities` (`id`, `name`, `created_at`, `updated_at`) VALUES (12, 'nobis', '1995-04-19 20:35:43', '2007-11-26 12:57:13');
INSERT INTO `communities` (`id`, `name`, `created_at`, `updated_at`) VALUES (13, 'reiciendis', '1985-10-23 21:16:54', '1972-12-01 11:07:54');
INSERT INTO `communities` (`id`, `name`, `created_at`, `updated_at`) VALUES (14, 'asperiores', '1995-10-25 07:58:10', '2005-08-02 06:23:03');
INSERT INTO `communities` (`id`, `name`, `created_at`, `updated_at`) VALUES (15, 'quia', '1992-03-14 02:20:31', '2012-07-30 15:25:51');
INSERT INTO `communities` (`id`, `name`, `created_at`, `updated_at`) VALUES (16, 'a', '1975-01-10 13:00:53', '1997-06-05 05:20:48');
INSERT INTO `communities` (`id`, `name`, `created_at`, `updated_at`) VALUES (17, 'qui', '1974-03-09 19:53:10', '1984-09-11 12:00:23');
INSERT INTO `communities` (`id`, `name`, `created_at`, `updated_at`) VALUES (18, 'dolor', '1998-05-30 09:09:29', '1974-04-25 18:28:10');
INSERT INTO `communities` (`id`, `name`, `created_at`, `updated_at`) VALUES (19, 'rerum', '1985-09-17 02:09:56', '1971-12-28 01:22:45');
INSERT INTO `communities` (`id`, `name`, `created_at`, `updated_at`) VALUES (20, 'delectus', '1982-12-30 19:01:56', '1988-11-13 03:09:05');
INSERT INTO `communities` (`id`, `name`, `created_at`, `updated_at`) VALUES (21, 'temporibus', '2007-06-17 02:14:40', '2008-05-24 04:27:55');
INSERT INTO `communities` (`id`, `name`, `created_at`, `updated_at`) VALUES (22, 'architecto', '2002-05-18 15:25:51', '1986-08-08 06:51:39');
INSERT INTO `communities` (`id`, `name`, `created_at`, `updated_at`) VALUES (23, 'perferendis', '1976-03-13 18:12:48', '2014-03-10 02:52:20');
INSERT INTO `communities` (`id`, `name`, `created_at`, `updated_at`) VALUES (24, 'hic', '2011-09-27 00:11:18', '1973-04-11 12:40:14');
INSERT INTO `communities` (`id`, `name`, `created_at`, `updated_at`) VALUES (25, 'veritatis', '1972-06-30 21:39:24', '2000-08-27 06:51:25');
INSERT INTO `communities` (`id`, `name`, `created_at`, `updated_at`) VALUES (26, 'quibusdam', '1989-07-29 04:26:01', '1997-05-31 07:30:13');
INSERT INTO `communities` (`id`, `name`, `created_at`, `updated_at`) VALUES (27, 'recusandae', '1995-10-11 20:56:44', '1996-01-01 02:07:08');
INSERT INTO `communities` (`id`, `name`, `created_at`, `updated_at`) VALUES (28, 'est', '2014-05-02 22:07:49', '1998-03-07 01:28:15');
INSERT INTO `communities` (`id`, `name`, `created_at`, `updated_at`) VALUES (29, 'eveniet', '1987-10-05 03:30:07', '1972-06-29 11:20:42');
INSERT INTO `communities` (`id`, `name`, `created_at`, `updated_at`) VALUES (30, 'consequuntur', '1987-10-27 20:03:12', '1981-03-03 02:02:44');
INSERT INTO `communities` (`id`, `name`, `created_at`, `updated_at`) VALUES (31, 'et', '1994-04-17 14:07:13', '1998-08-26 11:40:22');
INSERT INTO `communities` (`id`, `name`, `created_at`, `updated_at`) VALUES (32, 'ullam', '1998-03-06 12:36:53', '2016-01-13 21:38:53');
INSERT INTO `communities` (`id`, `name`, `created_at`, `updated_at`) VALUES (33, 'molestiae', '1996-12-10 13:35:09', '2005-09-11 09:17:40');
INSERT INTO `communities` (`id`, `name`, `created_at`, `updated_at`) VALUES (34, 'ut', '1985-06-02 03:47:23', '1973-06-08 22:07:18');
INSERT INTO `communities` (`id`, `name`, `created_at`, `updated_at`) VALUES (35, 'id', '2019-11-10 07:36:30', '1974-08-26 05:33:05');
INSERT INTO `communities` (`id`, `name`, `created_at`, `updated_at`) VALUES (36, 'eius', '1975-10-07 05:19:53', '1978-10-09 15:28:34');
INSERT INTO `communities` (`id`, `name`, `created_at`, `updated_at`) VALUES (37, 'nesciunt', '1988-03-19 00:41:08', '1995-01-16 16:31:59');
INSERT INTO `communities` (`id`, `name`, `created_at`, `updated_at`) VALUES (38, 'consectetur', '1992-05-16 03:26:56', '2008-07-03 03:38:09');
INSERT INTO `communities` (`id`, `name`, `created_at`, `updated_at`) VALUES (39, 'quam', '1972-03-10 23:52:23', '1971-07-02 16:14:15');
INSERT INTO `communities` (`id`, `name`, `created_at`, `updated_at`) VALUES (40, 'eligendi', '2005-09-24 21:26:34', '1995-01-20 14:14:10');
INSERT INTO `communities` (`id`, `name`, `created_at`, `updated_at`) VALUES (41, 'consequatur', '1981-08-20 15:30:20', '1974-05-30 13:49:11');
INSERT INTO `communities` (`id`, `name`, `created_at`, `updated_at`) VALUES (42, 'cupiditate', '1981-08-11 18:39:41', '2020-10-10 07:50:25');
INSERT INTO `communities` (`id`, `name`, `created_at`, `updated_at`) VALUES (43, 'nemo', '2004-09-08 02:42:28', '2002-04-07 09:44:46');
INSERT INTO `communities` (`id`, `name`, `created_at`, `updated_at`) VALUES (44, 'tempore', '2009-12-27 08:20:01', '2009-08-22 21:54:29');
INSERT INTO `communities` (`id`, `name`, `created_at`, `updated_at`) VALUES (45, 'quos', '2019-07-24 15:51:26', '2005-05-11 00:44:37');
INSERT INTO `communities` (`id`, `name`, `created_at`, `updated_at`) VALUES (46, 'totam', '1981-04-21 02:38:43', '1991-02-11 05:21:37');
INSERT INTO `communities` (`id`, `name`, `created_at`, `updated_at`) VALUES (47, 'sed', '2015-04-03 22:07:31', '2016-12-10 15:27:25');
INSERT INTO `communities` (`id`, `name`, `created_at`, `updated_at`) VALUES (48, 'quasi', '2016-11-10 10:43:13', '2013-04-07 06:27:43');
INSERT INTO `communities` (`id`, `name`, `created_at`, `updated_at`) VALUES (49, 'dicta', '1996-11-26 21:47:54', '2015-06-16 21:48:05');
INSERT INTO `communities` (`id`, `name`, `created_at`, `updated_at`) VALUES (50, 'corrupti', '1980-05-15 17:10:27', '2008-06-28 06:08:03');
INSERT INTO `communities` (`id`, `name`, `created_at`, `updated_at`) VALUES (51, 'impedit', '1991-11-05 02:04:12', '2009-10-25 07:57:22');
INSERT INTO `communities` (`id`, `name`, `created_at`, `updated_at`) VALUES (52, 'accusantium', '2021-06-19 04:01:13', '1998-12-13 17:20:56');
INSERT INTO `communities` (`id`, `name`, `created_at`, `updated_at`) VALUES (53, 'aut', '2017-11-23 12:31:31', '2016-05-12 20:17:07');
INSERT INTO `communities` (`id`, `name`, `created_at`, `updated_at`) VALUES (54, 'voluptas', '2013-08-30 23:08:16', '1977-12-27 09:53:38');
INSERT INTO `communities` (`id`, `name`, `created_at`, `updated_at`) VALUES (55, 'veniam', '2007-06-12 00:23:29', '1975-02-12 23:08:58');
INSERT INTO `communities` (`id`, `name`, `created_at`, `updated_at`) VALUES (56, 'iusto', '2018-08-03 10:31:28', '2020-11-29 09:04:37');
INSERT INTO `communities` (`id`, `name`, `created_at`, `updated_at`) VALUES (57, 'sapiente', '1994-12-06 13:12:27', '1996-09-18 14:29:47');
INSERT INTO `communities` (`id`, `name`, `created_at`, `updated_at`) VALUES (58, 'praesentium', '2008-08-06 08:51:43', '2020-07-17 16:26:26');
INSERT INTO `communities` (`id`, `name`, `created_at`, `updated_at`) VALUES (59, 'doloremque', '2000-01-12 21:17:02', '1975-02-06 06:39:51');
INSERT INTO `communities` (`id`, `name`, `created_at`, `updated_at`) VALUES (60, 'eaque', '1995-08-11 04:23:32', '2016-05-16 23:45:39');
INSERT INTO `communities` (`id`, `name`, `created_at`, `updated_at`) VALUES (61, 'quisquam', '2016-08-14 19:58:41', '1999-10-25 10:50:04');
INSERT INTO `communities` (`id`, `name`, `created_at`, `updated_at`) VALUES (62, 'ratione', '1989-11-29 07:02:10', '1990-04-05 07:28:29');
INSERT INTO `communities` (`id`, `name`, `created_at`, `updated_at`) VALUES (63, 'voluptatem', '1971-04-20 16:39:51', '1994-05-21 10:02:25');
INSERT INTO `communities` (`id`, `name`, `created_at`, `updated_at`) VALUES (64, 'saepe', '1980-09-01 15:57:45', '1992-01-08 03:42:42');
INSERT INTO `communities` (`id`, `name`, `created_at`, `updated_at`) VALUES (65, 'nostrum', '1997-07-09 19:53:03', '1998-05-01 18:06:52');
INSERT INTO `communities` (`id`, `name`, `created_at`, `updated_at`) VALUES (66, 'libero', '2021-04-01 09:46:15', '1992-07-11 20:40:02');
INSERT INTO `communities` (`id`, `name`, `created_at`, `updated_at`) VALUES (67, 'at', '1976-08-09 04:32:08', '2006-02-28 17:24:18');
INSERT INTO `communities` (`id`, `name`, `created_at`, `updated_at`) VALUES (68, 'ad', '1976-10-29 07:27:26', '2004-03-05 19:32:05');
INSERT INTO `communities` (`id`, `name`, `created_at`, `updated_at`) VALUES (69, 'reprehenderit', '1980-11-13 14:57:01', '1988-11-13 22:59:01');
INSERT INTO `communities` (`id`, `name`, `created_at`, `updated_at`) VALUES (70, 'enim', '1971-10-15 20:50:41', '1972-03-27 14:24:17');
INSERT INTO `communities` (`id`, `name`, `created_at`, `updated_at`) VALUES (71, 'sint', '2001-02-28 11:09:15', '1979-06-08 01:26:16');
INSERT INTO `communities` (`id`, `name`, `created_at`, `updated_at`) VALUES (72, 'dolore', '1984-12-04 08:40:26', '2000-09-26 09:32:47');
INSERT INTO `communities` (`id`, `name`, `created_at`, `updated_at`) VALUES (73, 'repellat', '1985-12-21 11:34:21', '1983-12-26 00:34:00');
INSERT INTO `communities` (`id`, `name`, `created_at`, `updated_at`) VALUES (74, 'sunt', '1976-03-19 01:19:51', '1982-10-29 19:51:16');
INSERT INTO `communities` (`id`, `name`, `created_at`, `updated_at`) VALUES (75, 'illum', '1975-04-30 07:09:20', '1990-06-18 01:03:31');
INSERT INTO `communities` (`id`, `name`, `created_at`, `updated_at`) VALUES (76, 'laboriosam', '1980-04-12 23:02:14', '1985-05-04 12:30:15');
INSERT INTO `communities` (`id`, `name`, `created_at`, `updated_at`) VALUES (77, 'dolorum', '1997-01-10 02:00:48', '2018-03-21 01:47:04');
INSERT INTO `communities` (`id`, `name`, `created_at`, `updated_at`) VALUES (78, 'magnam', '2018-03-10 14:25:09', '2019-06-13 09:40:06');
INSERT INTO `communities` (`id`, `name`, `created_at`, `updated_at`) VALUES (79, 'dolorem', '2005-08-08 00:18:23', '1999-04-11 13:12:03');
INSERT INTO `communities` (`id`, `name`, `created_at`, `updated_at`) VALUES (80, 'similique', '1985-01-15 02:56:49', '1988-01-28 06:59:03');
INSERT INTO `communities` (`id`, `name`, `created_at`, `updated_at`) VALUES (81, 'natus', '1986-05-13 12:19:22', '1997-02-06 08:26:27');
INSERT INTO `communities` (`id`, `name`, `created_at`, `updated_at`) VALUES (82, 'quo', '1992-12-09 08:35:02', '2015-11-09 18:14:37');
INSERT INTO `communities` (`id`, `name`, `created_at`, `updated_at`) VALUES (83, 'cumque', '1990-06-20 05:44:37', '1991-05-04 15:20:58');
INSERT INTO `communities` (`id`, `name`, `created_at`, `updated_at`) VALUES (84, 'ducimus', '2013-07-17 01:06:31', '1980-04-22 23:34:25');
INSERT INTO `communities` (`id`, `name`, `created_at`, `updated_at`) VALUES (85, 'sit', '1978-03-15 17:48:17', '2001-09-06 14:32:50');
INSERT INTO `communities` (`id`, `name`, `created_at`, `updated_at`) VALUES (86, 'sequi', '1994-06-12 12:34:35', '1977-04-05 10:40:31');
INSERT INTO `communities` (`id`, `name`, `created_at`, `updated_at`) VALUES (87, 'adipisci', '1970-02-10 05:49:06', '1996-07-23 15:11:32');
INSERT INTO `communities` (`id`, `name`, `created_at`, `updated_at`) VALUES (88, 'laborum', '1972-03-23 22:34:41', '1978-11-30 10:34:37');
INSERT INTO `communities` (`id`, `name`, `created_at`, `updated_at`) VALUES (89, 'occaecati', '1989-11-07 21:26:22', '1980-10-01 21:54:42');
INSERT INTO `communities` (`id`, `name`, `created_at`, `updated_at`) VALUES (90, 'explicabo', '2004-03-11 14:02:10', '2011-08-21 18:24:32');
INSERT INTO `communities` (`id`, `name`, `created_at`, `updated_at`) VALUES (91, 'omnis', '1993-04-08 10:06:04', '1982-10-27 13:30:26');
INSERT INTO `communities` (`id`, `name`, `created_at`, `updated_at`) VALUES (92, 'magni', '2018-02-06 20:03:36', '2006-10-03 02:54:38');
INSERT INTO `communities` (`id`, `name`, `created_at`, `updated_at`) VALUES (93, 'accusamus', '2007-10-13 04:13:30', '1984-11-25 14:01:50');
INSERT INTO `communities` (`id`, `name`, `created_at`, `updated_at`) VALUES (94, 'deleniti', '1986-11-06 13:07:38', '1987-01-19 19:28:26');
INSERT INTO `communities` (`id`, `name`, `created_at`, `updated_at`) VALUES (95, 'non', '1979-02-24 08:51:04', '1981-11-04 04:17:16');
INSERT INTO `communities` (`id`, `name`, `created_at`, `updated_at`) VALUES (96, 'quis', '2019-08-21 21:57:59', '2009-05-04 17:36:59');
INSERT INTO `communities` (`id`, `name`, `created_at`, `updated_at`) VALUES (97, 'excepturi', '1982-12-28 23:01:03', '1988-08-21 17:18:00');
INSERT INTO `communities` (`id`, `name`, `created_at`, `updated_at`) VALUES (98, 'autem', '2006-03-29 03:50:03', '1977-07-17 20:26:49');
INSERT INTO `communities` (`id`, `name`, `created_at`, `updated_at`) VALUES (99, 'dignissimos', '1971-02-16 23:50:25', '2020-02-09 19:05:47');
INSERT INTO `communities` (`id`, `name`, `created_at`, `updated_at`) VALUES (100, 'laudantium', '1998-10-17 22:22:47', '1995-03-20 10:05:05');


INSERT INTO `communities_users` (`community_id`, `user_id`, `created_at`, `updated_at`) VALUES (1, 1, '2007-08-23 02:06:49', '2005-01-18 07:07:32');
INSERT INTO `communities_users` (`community_id`, `user_id`, `created_at`, `updated_at`) VALUES (2, 2, '2010-03-25 21:53:45', '2016-06-27 23:00:50');
INSERT INTO `communities_users` (`community_id`, `user_id`, `created_at`, `updated_at`) VALUES (3, 3, '2000-04-01 11:16:38', '1987-09-19 21:35:38');
INSERT INTO `communities_users` (`community_id`, `user_id`, `created_at`, `updated_at`) VALUES (4, 4, '2014-10-29 06:10:13', '2016-04-22 10:51:34');
INSERT INTO `communities_users` (`community_id`, `user_id`, `created_at`, `updated_at`) VALUES (5, 5, '1997-08-14 07:25:29', '1999-03-24 02:20:39');
INSERT INTO `communities_users` (`community_id`, `user_id`, `created_at`, `updated_at`) VALUES (6, 6, '1983-01-19 16:41:21', '2019-03-28 03:01:15');
INSERT INTO `communities_users` (`community_id`, `user_id`, `created_at`, `updated_at`) VALUES (7, 7, '2008-07-26 00:49:56', '1978-08-26 00:46:50');
INSERT INTO `communities_users` (`community_id`, `user_id`, `created_at`, `updated_at`) VALUES (8, 8, '1983-01-07 00:23:05', '1993-02-12 23:38:51');
INSERT INTO `communities_users` (`community_id`, `user_id`, `created_at`, `updated_at`) VALUES (9, 9, '1977-01-07 09:07:22', '1976-11-14 01:38:43');
INSERT INTO `communities_users` (`community_id`, `user_id`, `created_at`, `updated_at`) VALUES (10, 10, '1977-06-12 20:33:24', '1973-06-20 02:03:51');
INSERT INTO `communities_users` (`community_id`, `user_id`, `created_at`, `updated_at`) VALUES (11, 11, '1972-03-04 02:52:02', '2015-05-29 19:07:42');
INSERT INTO `communities_users` (`community_id`, `user_id`, `created_at`, `updated_at`) VALUES (12, 12, '1979-02-22 06:25:22', '2021-08-02 08:29:12');
INSERT INTO `communities_users` (`community_id`, `user_id`, `created_at`, `updated_at`) VALUES (13, 13, '1999-08-24 06:30:18', '2019-12-02 04:35:30');
INSERT INTO `communities_users` (`community_id`, `user_id`, `created_at`, `updated_at`) VALUES (14, 14, '2001-10-12 03:57:21', '1976-10-11 01:49:58');
INSERT INTO `communities_users` (`community_id`, `user_id`, `created_at`, `updated_at`) VALUES (15, 15, '2020-01-30 17:31:17', '1973-01-23 12:41:54');
INSERT INTO `communities_users` (`community_id`, `user_id`, `created_at`, `updated_at`) VALUES (16, 16, '1984-12-05 17:33:07', '1975-10-16 05:25:30');
INSERT INTO `communities_users` (`community_id`, `user_id`, `created_at`, `updated_at`) VALUES (17, 17, '1997-04-02 09:29:13', '2021-08-28 07:29:38');
INSERT INTO `communities_users` (`community_id`, `user_id`, `created_at`, `updated_at`) VALUES (18, 18, '2007-04-30 04:32:50', '1991-05-01 23:51:05');
INSERT INTO `communities_users` (`community_id`, `user_id`, `created_at`, `updated_at`) VALUES (19, 19, '2005-04-08 11:32:49', '1981-04-17 15:03:53');
INSERT INTO `communities_users` (`community_id`, `user_id`, `created_at`, `updated_at`) VALUES (20, 20, '2021-03-07 12:56:03', '1979-10-30 23:17:42');
INSERT INTO `communities_users` (`community_id`, `user_id`, `created_at`, `updated_at`) VALUES (21, 21, '2016-01-22 02:19:46', '1995-09-01 12:07:53');
INSERT INTO `communities_users` (`community_id`, `user_id`, `created_at`, `updated_at`) VALUES (22, 22, '2013-07-12 06:27:57', '1985-12-15 00:51:36');
INSERT INTO `communities_users` (`community_id`, `user_id`, `created_at`, `updated_at`) VALUES (23, 23, '1994-01-20 11:24:35', '2006-03-21 01:18:34');
INSERT INTO `communities_users` (`community_id`, `user_id`, `created_at`, `updated_at`) VALUES (24, 24, '1974-09-15 09:42:19', '2001-08-16 13:03:23');
INSERT INTO `communities_users` (`community_id`, `user_id`, `created_at`, `updated_at`) VALUES (25, 25, '1993-01-08 01:03:09', '1993-06-10 17:30:09');
INSERT INTO `communities_users` (`community_id`, `user_id`, `created_at`, `updated_at`) VALUES (26, 26, '1981-12-15 09:45:24', '2000-02-14 10:54:14');
INSERT INTO `communities_users` (`community_id`, `user_id`, `created_at`, `updated_at`) VALUES (27, 27, '1981-12-16 23:36:38', '1971-10-04 07:44:12');
INSERT INTO `communities_users` (`community_id`, `user_id`, `created_at`, `updated_at`) VALUES (28, 28, '2005-11-10 16:29:18', '2016-10-16 04:32:08');
INSERT INTO `communities_users` (`community_id`, `user_id`, `created_at`, `updated_at`) VALUES (29, 29, '1997-11-03 18:36:38', '1974-12-17 05:41:06');
INSERT INTO `communities_users` (`community_id`, `user_id`, `created_at`, `updated_at`) VALUES (30, 30, '2020-09-15 18:40:58', '1996-02-16 00:56:51');
INSERT INTO `communities_users` (`community_id`, `user_id`, `created_at`, `updated_at`) VALUES (31, 31, '2020-03-10 09:24:41', '1974-03-04 14:50:36');
INSERT INTO `communities_users` (`community_id`, `user_id`, `created_at`, `updated_at`) VALUES (32, 32, '1975-09-06 04:23:44', '1972-10-14 14:35:02');
INSERT INTO `communities_users` (`community_id`, `user_id`, `created_at`, `updated_at`) VALUES (33, 33, '1980-05-21 10:25:52', '2008-05-23 17:11:05');
INSERT INTO `communities_users` (`community_id`, `user_id`, `created_at`, `updated_at`) VALUES (34, 34, '2009-08-19 00:02:27', '2013-11-29 18:38:20');
INSERT INTO `communities_users` (`community_id`, `user_id`, `created_at`, `updated_at`) VALUES (35, 35, '2009-01-01 08:31:45', '2005-01-08 11:15:32');
INSERT INTO `communities_users` (`community_id`, `user_id`, `created_at`, `updated_at`) VALUES (36, 36, '1992-02-15 19:34:47', '1981-05-21 02:37:19');
INSERT INTO `communities_users` (`community_id`, `user_id`, `created_at`, `updated_at`) VALUES (37, 37, '2011-02-09 06:27:35', '2015-09-09 15:33:02');
INSERT INTO `communities_users` (`community_id`, `user_id`, `created_at`, `updated_at`) VALUES (38, 38, '2003-05-19 04:49:04', '2001-04-30 19:55:43');
INSERT INTO `communities_users` (`community_id`, `user_id`, `created_at`, `updated_at`) VALUES (39, 39, '2008-03-04 11:58:57', '1977-05-20 00:56:15');
INSERT INTO `communities_users` (`community_id`, `user_id`, `created_at`, `updated_at`) VALUES (40, 40, '2002-08-16 14:39:46', '1974-08-25 05:45:24');
INSERT INTO `communities_users` (`community_id`, `user_id`, `created_at`, `updated_at`) VALUES (41, 41, '2006-06-03 18:57:27', '2009-03-23 00:24:50');
INSERT INTO `communities_users` (`community_id`, `user_id`, `created_at`, `updated_at`) VALUES (42, 42, '1983-04-15 00:36:24', '1990-12-19 08:08:41');
INSERT INTO `communities_users` (`community_id`, `user_id`, `created_at`, `updated_at`) VALUES (43, 43, '2020-02-25 05:11:20', '1984-03-18 14:28:18');
INSERT INTO `communities_users` (`community_id`, `user_id`, `created_at`, `updated_at`) VALUES (44, 44, '1974-05-21 00:33:59', '1993-08-14 18:01:34');
INSERT INTO `communities_users` (`community_id`, `user_id`, `created_at`, `updated_at`) VALUES (45, 45, '1986-11-21 04:33:12', '1972-01-25 06:57:07');
INSERT INTO `communities_users` (`community_id`, `user_id`, `created_at`, `updated_at`) VALUES (46, 46, '1987-03-18 22:27:23', '2004-01-18 11:10:04');
INSERT INTO `communities_users` (`community_id`, `user_id`, `created_at`, `updated_at`) VALUES (47, 47, '1997-07-03 17:24:00', '1973-08-06 05:59:01');
INSERT INTO `communities_users` (`community_id`, `user_id`, `created_at`, `updated_at`) VALUES (48, 48, '1986-07-30 03:08:01', '1976-01-15 09:35:30');
INSERT INTO `communities_users` (`community_id`, `user_id`, `created_at`, `updated_at`) VALUES (49, 49, '2011-05-24 22:25:16', '2009-12-13 13:11:53');
INSERT INTO `communities_users` (`community_id`, `user_id`, `created_at`, `updated_at`) VALUES (50, 50, '1975-06-05 09:00:14', '1994-01-05 08:01:23');
INSERT INTO `communities_users` (`community_id`, `user_id`, `created_at`, `updated_at`) VALUES (51, 51, '1976-05-16 13:18:28', '2015-04-18 00:22:57');
INSERT INTO `communities_users` (`community_id`, `user_id`, `created_at`, `updated_at`) VALUES (52, 52, '2007-02-14 17:26:01', '1973-09-19 21:48:27');
INSERT INTO `communities_users` (`community_id`, `user_id`, `created_at`, `updated_at`) VALUES (53, 53, '2003-04-30 00:54:25', '1996-10-05 21:13:30');
INSERT INTO `communities_users` (`community_id`, `user_id`, `created_at`, `updated_at`) VALUES (54, 54, '2009-03-20 23:35:43', '2009-10-19 01:43:33');
INSERT INTO `communities_users` (`community_id`, `user_id`, `created_at`, `updated_at`) VALUES (55, 55, '1970-07-21 06:41:55', '2015-10-07 07:19:03');
INSERT INTO `communities_users` (`community_id`, `user_id`, `created_at`, `updated_at`) VALUES (56, 56, '1978-05-16 02:11:33', '1997-04-01 14:44:04');
INSERT INTO `communities_users` (`community_id`, `user_id`, `created_at`, `updated_at`) VALUES (57, 57, '1974-09-21 18:44:34', '1999-03-13 16:10:52');
INSERT INTO `communities_users` (`community_id`, `user_id`, `created_at`, `updated_at`) VALUES (58, 58, '1995-06-23 09:11:14', '1986-01-03 13:03:39');
INSERT INTO `communities_users` (`community_id`, `user_id`, `created_at`, `updated_at`) VALUES (59, 59, '2006-04-25 05:43:32', '2019-09-08 18:41:05');
INSERT INTO `communities_users` (`community_id`, `user_id`, `created_at`, `updated_at`) VALUES (60, 60, '1972-12-27 09:55:01', '1981-12-24 08:02:40');
INSERT INTO `communities_users` (`community_id`, `user_id`, `created_at`, `updated_at`) VALUES (61, 61, '2008-09-22 08:39:01', '2002-06-05 05:08:45');
INSERT INTO `communities_users` (`community_id`, `user_id`, `created_at`, `updated_at`) VALUES (62, 62, '1992-11-15 20:31:16', '2017-09-13 04:06:39');
INSERT INTO `communities_users` (`community_id`, `user_id`, `created_at`, `updated_at`) VALUES (63, 63, '2013-09-17 14:54:38', '1985-12-04 01:28:32');
INSERT INTO `communities_users` (`community_id`, `user_id`, `created_at`, `updated_at`) VALUES (64, 64, '1983-12-16 16:53:20', '2010-09-11 21:48:18');
INSERT INTO `communities_users` (`community_id`, `user_id`, `created_at`, `updated_at`) VALUES (65, 65, '1989-06-15 06:34:12', '1987-08-02 15:07:47');
INSERT INTO `communities_users` (`community_id`, `user_id`, `created_at`, `updated_at`) VALUES (66, 66, '1972-08-08 13:37:02', '1980-12-02 07:41:14');
INSERT INTO `communities_users` (`community_id`, `user_id`, `created_at`, `updated_at`) VALUES (67, 67, '1979-05-30 18:51:42', '1995-05-28 04:01:54');
INSERT INTO `communities_users` (`community_id`, `user_id`, `created_at`, `updated_at`) VALUES (68, 68, '2008-08-03 15:36:16', '1982-08-30 00:44:15');
INSERT INTO `communities_users` (`community_id`, `user_id`, `created_at`, `updated_at`) VALUES (69, 69, '1996-01-28 05:14:05', '2021-04-20 22:03:55');
INSERT INTO `communities_users` (`community_id`, `user_id`, `created_at`, `updated_at`) VALUES (70, 70, '1993-06-10 19:44:24', '1992-09-30 08:07:49');
INSERT INTO `communities_users` (`community_id`, `user_id`, `created_at`, `updated_at`) VALUES (71, 71, '1975-08-27 17:43:14', '1999-05-10 13:29:52');
INSERT INTO `communities_users` (`community_id`, `user_id`, `created_at`, `updated_at`) VALUES (72, 72, '2004-12-21 06:51:20', '1985-12-26 17:43:37');
INSERT INTO `communities_users` (`community_id`, `user_id`, `created_at`, `updated_at`) VALUES (73, 73, '2005-03-23 23:08:06', '2015-02-07 12:25:41');
INSERT INTO `communities_users` (`community_id`, `user_id`, `created_at`, `updated_at`) VALUES (74, 74, '1984-09-18 08:21:24', '2009-06-06 13:06:01');
INSERT INTO `communities_users` (`community_id`, `user_id`, `created_at`, `updated_at`) VALUES (75, 75, '2007-01-22 08:51:18', '1985-08-22 06:05:16');
INSERT INTO `communities_users` (`community_id`, `user_id`, `created_at`, `updated_at`) VALUES (76, 76, '1984-11-16 03:31:47', '2014-09-06 17:30:12');
INSERT INTO `communities_users` (`community_id`, `user_id`, `created_at`, `updated_at`) VALUES (77, 77, '2021-06-01 18:06:06', '2004-07-26 10:52:46');
INSERT INTO `communities_users` (`community_id`, `user_id`, `created_at`, `updated_at`) VALUES (78, 78, '2010-08-03 08:35:39', '1989-10-02 16:30:01');
INSERT INTO `communities_users` (`community_id`, `user_id`, `created_at`, `updated_at`) VALUES (79, 79, '2012-04-20 01:14:37', '2005-02-26 07:59:03');
INSERT INTO `communities_users` (`community_id`, `user_id`, `created_at`, `updated_at`) VALUES (80, 80, '2003-04-14 00:31:52', '1984-06-27 19:15:08');
INSERT INTO `communities_users` (`community_id`, `user_id`, `created_at`, `updated_at`) VALUES (81, 81, '1999-05-27 02:32:25', '2021-04-21 21:32:38');
INSERT INTO `communities_users` (`community_id`, `user_id`, `created_at`, `updated_at`) VALUES (82, 82, '1978-07-15 12:59:56', '1997-03-15 10:36:06');
INSERT INTO `communities_users` (`community_id`, `user_id`, `created_at`, `updated_at`) VALUES (83, 83, '1977-10-20 07:11:46', '1986-09-11 22:13:41');
INSERT INTO `communities_users` (`community_id`, `user_id`, `created_at`, `updated_at`) VALUES (84, 84, '2007-10-26 06:36:31', '1983-03-22 02:32:11');
INSERT INTO `communities_users` (`community_id`, `user_id`, `created_at`, `updated_at`) VALUES (85, 85, '1998-10-08 21:11:16', '2008-03-10 12:09:00');
INSERT INTO `communities_users` (`community_id`, `user_id`, `created_at`, `updated_at`) VALUES (86, 86, '1992-07-19 17:22:08', '1991-02-10 23:53:14');
INSERT INTO `communities_users` (`community_id`, `user_id`, `created_at`, `updated_at`) VALUES (87, 87, '1989-02-02 19:52:26', '1979-01-19 00:45:30');
INSERT INTO `communities_users` (`community_id`, `user_id`, `created_at`, `updated_at`) VALUES (88, 88, '1980-12-16 17:51:32', '1970-12-04 21:08:22');
INSERT INTO `communities_users` (`community_id`, `user_id`, `created_at`, `updated_at`) VALUES (89, 89, '1979-03-18 00:19:10', '1989-07-17 12:46:34');
INSERT INTO `communities_users` (`community_id`, `user_id`, `created_at`, `updated_at`) VALUES (90, 90, '1985-08-30 19:50:37', '1989-07-30 05:15:31');
INSERT INTO `communities_users` (`community_id`, `user_id`, `created_at`, `updated_at`) VALUES (91, 91, '1979-09-03 02:21:44', '1973-08-27 22:30:18');
INSERT INTO `communities_users` (`community_id`, `user_id`, `created_at`, `updated_at`) VALUES (92, 92, '1997-01-11 23:49:22', '2018-01-20 12:26:27');
INSERT INTO `communities_users` (`community_id`, `user_id`, `created_at`, `updated_at`) VALUES (93, 93, '1970-08-15 21:10:27', '2007-02-02 05:00:43');
INSERT INTO `communities_users` (`community_id`, `user_id`, `created_at`, `updated_at`) VALUES (94, 94, '1977-03-21 01:58:59', '2000-11-05 07:56:20');
INSERT INTO `communities_users` (`community_id`, `user_id`, `created_at`, `updated_at`) VALUES (95, 95, '2014-11-22 23:15:12', '1986-10-26 13:33:13');
INSERT INTO `communities_users` (`community_id`, `user_id`, `created_at`, `updated_at`) VALUES (96, 96, '2005-01-13 13:26:12', '1978-10-15 06:03:15');
INSERT INTO `communities_users` (`community_id`, `user_id`, `created_at`, `updated_at`) VALUES (97, 97, '1971-10-10 21:38:45', '1995-12-10 06:25:56');
INSERT INTO `communities_users` (`community_id`, `user_id`, `created_at`, `updated_at`) VALUES (98, 98, '1996-08-15 17:27:26', '2005-10-01 04:34:54');
INSERT INTO `communities_users` (`community_id`, `user_id`, `created_at`, `updated_at`) VALUES (99, 99, '2007-11-11 17:33:52', '1982-09-11 08:28:21');
INSERT INTO `communities_users` (`community_id`, `user_id`, `created_at`, `updated_at`) VALUES (100, 100, '2013-02-04 02:14:15', '1984-09-01 04:43:29');

USE INFORMATION_SCHEMA;
SHOW TABLES;

USE vk;

SELECT * FROM INFORMATION_SCHEMA.TABLES WHERE TABLE_SCHEMA = 'vk';
/* SELECT * FROM TABLES WHERE TABLE_SCHEMA = 'vk'; */
SELECT * FROM INFORMATION_SCHEMA.TABLES WHERE TABLE_SCHEMA = 'INFORMATION_SCHEMA' AND TABLE_NAME LIKE '%CONSTR%';
SELECT * FROM INFORMATION_SCHEMA.TABLE_CONSTRAINTS WHERE TABLE_SCHEMA = 'vk';
SELECT * FROM INFORMATION_SCHEMA.REFERENTIAL_CONSTRAINTS WHERE CONSTRAINT_SCHEMA = 'vk';

SELECT * FROM users;
-- CEIL()
-- FLOOR()
SELECT CONCAT ('FOO', 'BAR');
SELECT CONCAT ('+7', 9000000000 + FLOOR(999999999 * RAND()));

SELECT REGEXP_LIKE(CONCAT ('+7', 9000000000 + FLOOR(999999999 * RAND())), '^\\+7[0-9]{10}$');

UPDATE users SET phone = CONCAT ('+7', 9000000000 + FLOOR(999999999 * RAND())) WHERE id<200;

SELECT * FROM users;
SELECT * FROM messages;

UPDATE messages SET
   from_user_id = FLOOR (1 + RAND() * 100),
   to_user_id = FLOOR (1 + RAND() * 100)
     WHERE id<200;

SELECT * FROM media;
SELECT * FROM media_types;
UPDATE media_types SET name = 'audio' WHERE id = 1;
UPDATE media_types SET name = 'image' WHERE id = 2;
UPDATE media_types SET name = 'video' WHERE id = 3;
UPDATE media_types SET name = 'gif' WHERE id = 4;
UPDATE media_types SET name = 'document' WHERE id = 5;

SELECT SUBSTR(MD5(RAND()),1, 10);
SELECT CONCAT('https://www.some_server.com/some_directory/', SUBSTR(MD5(RAND()), 1, 10));
INSERT INTO media (filename, media_type_id, metadata, user_id) VALUE(
  CONCAT('https://www.some_server.com/some_directory/', SUBSTR(MD5(RAND()), 1, 10)),
  FLOOR(1 + RAND()*5),
  '{}',
   FLOOR(1 + RAND()*100)
);


SELECT CONCAT('{"size" : ', FLOOR(1 + RAND() * 1000000), ', "extension" : "wav", "duration" : ', FLOOR(1 + RAND() * 100000), '}');
UPDATE media SET metadata = CONCAT('{"size" : ', FLOOR(1 + RAND() * 1000000), ', "extension" : "wav", "duration" : ', FLOOR(1 + RAND() * 100000), '}')
WHERE media_type_id = 1;

SELECT * FROM media WHERE media_type_id = 1;
SELECT metadata->"$.size" FROM media WHERE media_type_id = 1;
UPDATE media SET filename = CONCAT_WS(',', filename, metadata->"$.extension")
WHERE media_type_id = 1;

SELECT filename FROM media WHERE media_type_id = 1;

SELECT CONCAT('{"size" : ', FLOOR(1 + RAND() * 1000000), ', "extension" : "png", "resolution" : "', CONCAT_WS('x', FLOOR(100 + RAND() * 1000), FLOOR(100 + RAND() * 1000)), '"}');
UPDATE media SET metadata = CONCAT('{"size" : ', FLOOR(1 + RAND() * 1000000), ', "extension" : "png", "resolution" : "', CONCAT_WS('x', FLOOR(100 + RAND() * 1000), FLOOR(100 + RAND() * 1000)), '"}')
WHERE media_type_id = 2;

SELECT * FROM media_types;